system_time_iso,frame_number,num_tlvs,tlv_types_hex,vital_count,total_packet_len
2026-06-02T15:52:08.900,21,2,0x3fc;0x3fd,0,104
2026-06-02T15:52:08.900,22,2,0x3fc;0x3fd,0,112
2026-06-02T15:52:09.115,23,2,0x3fc;0x3fd,0,136
2026-06-02T15:52:09.115,24,2,0x3fc;0x3fd,0,128
2026-06-02T15:52:09.318,25,2,0x3fc;0x3fd,0,112
2026-06-02T15:52:09.318,26,1,0x3fd,0,52
2026-06-02T15:52:09.318,27,2,0x3fc;0x3fd,0,112
2026-06-02T15:52:09.521,28,2,0x3fc;0x3fd,0,112
2026-06-02T15:52:09.521,29,2,0x3fc;0x3fd,0,136
2026-06-02T15:52:09.724,30,2,0x3fc;0x3fd,0,240
2026-06-02T15:52:09.724,31,1,0x3fd,0,52
2026-06-02T15:52:09.928,32,2,0x3fd;0x410,1,196
2026-06-02T15:52:09.929,33,2,0x3fc;0x3fd,0,184
2026-06-02T15:52:10.130,34,2,0x3fc;0x3fd,0,104
2026-06-02T15:52:10.131,35,2,0x3fc;0x3fd,0,280
2026-06-02T15:52:10.131,36,2,0x3fc;0x3fd,0,368
2026-06-02T15:52:10.331,37,2,0x3fc;0x3fd,0,232
2026-06-02T15:52:10.331,38,2,0x3fc;0x3fd,0,112
2026-06-02T15:52:10.533,39,2,0x3fc;0x3fd,0,184
2026-06-02T15:52:10.533,40,2,0x3fc;0x3fd,0,464
2026-06-02T15:52:10.737,41,2,0x3fc;0x3fd,0,360
2026-06-02T15:52:10.737,42,2,0x3fc;0x3fd,0,192
2026-06-02T15:52:10.940,43,2,0x3fc;0x3fd,0,120
2026-06-02T15:52:10.940,44,2,0x3fc;0x3fd,0,104
2026-06-02T15:52:10.940,45,2,0x3fc;0x3fd,0,104
2026-06-02T15:52:11.153,46,2,0x3fc;0x3fd,0,96
2026-06-02T15:52:11.153,47,2,0x3fc;0x3fd,0,104
2026-06-02T15:52:11.356,48,3,0x3fc;0x3fd;0x410,1,248
2026-06-02T15:52:11.356,49,2,0x3fc;0x3fd,0,160
2026-06-02T15:52:11.558,50,2,0x3fc;0x3fd,0,712
2026-06-02T15:52:11.558,51,4,0x3fc;0x3f2;0x3f3;0x3fd,0,471
2026-06-02T15:52:11.759,52,4,0x3fc;0x3f2;0x3f3;0x3fd,0,695
2026-06-02T15:52:11.759,53,4,0x3fc;0x3f2;0x3f3;0x3fd,0,282
2026-06-02T15:52:11.964,54,4,0x3fc;0x3f2;0x3f3;0x3fd,0,1402
2026-06-02T15:52:11.964,55,4,0x3fc;0x3f2;0x3f3;0x3fd,0,1549
2026-06-02T15:52:11.964,56,4,0x3fc;0x3f2;0x3f3;0x3fd,0,1085
2026-06-02T15:52:12.166,57,4,0x3fc;0x3f2;0x3f3;0x3fd,0,1347
2026-06-02T15:52:12.166,58,4,0x3fc;0x3f2;0x3f3;0x3fd,0,1291
2026-06-02T15:52:12.367,59,4,0x3fc;0x3f2;0x3f3;0x3fd,0,1023
2026-06-02T15:52:12.367,60,4,0x3fc;0x3f2;0x3f3;0x3fd,0,719
2026-06-02T15:52:12.569,61,4,0x3fc;0x3f2;0x3f3;0x3fd,0,1085
2026-06-02T15:52:12.569,62,4,0x3fc;0x3f2;0x3f3;0x3fd,0,831
2026-06-02T15:52:12.569,63,4,0x3fc;0x3f2;0x3f3;0x3fd,0,409
2026-06-02T15:52:12.770,64,5,0x3fc;0x3f2;0x3f3;0x3fd;0x410,1,505
2026-06-02T15:52:12.770,65,4,0x3fc;0x3f2;0x3f3;0x3fd,0,417
2026-06-02T15:52:12.974,66,4,0x3fc;0x3f2;0x3f3;0x3fd,0,816
2026-06-02T15:52:12.974,67,4,0x3fc;0x3f2;0x3f3;0x3fd,0,1025
2026-06-02T15:52:13.187,68,4,0x3fc;0x3f2;0x3f3;0x3fd,0,517
2026-06-02T15:52:13.187,69,4,0x3fc;0x3f2;0x3f3;0x3fd,0,955
2026-06-02T15:52:13.389,70,4,0x3fc;0x3f2;0x3f3;0x3fd,0,970
2026-06-02T15:52:13.389,71,4,0x3fc;0x3f2;0x3f3;0x3fd,0,884
2026-06-02T15:52:13.389,72,4,0x3fc;0x3f2;0x3f3;0x3fd,0,1106
2026-06-02T15:52:13.591,73,4,0x3fc;0x3f2;0x3f3;0x3fd,0,1063
2026-06-02T15:52:13.591,74,4,0x3fc;0x3f2;0x3f3;0x3fd,0,382
2026-06-02T15:52:13.793,75,4,0x3fc;0x3f2;0x3f3;0x3fd,0,850
2026-06-02T15:52:13.793,76,4,0x3fc;0x3f2;0x3f3;0x3fd,0,735
2026-06-02T15:52:13.995,77,4,0x3fc;0x3f2;0x3f3;0x3fd,0,360
2026-06-02T15:52:13.995,78,4,0x3fc;0x3f2;0x3f3;0x3fd,0,548
2026-06-02T15:52:14.199,79,4,0x3fc;0x3f2;0x3f3;0x3fd,0,1321
2026-06-02T15:52:14.199,80,5,0x3fc;0x3f2;0x3f3;0x3fd;0x410,1,1558
2026-06-02T15:52:14.199,81,4,0x3fc;0x3f2;0x3f3;0x3fd,0,1166
2026-06-02T15:52:14.400,82,4,0x3fc;0x3f2;0x3f3;0x3fd,0,1263
2026-06-02T15:52:14.400,83,4,0x3fc;0x3f2;0x3f3;0x3fd,0,455
2026-06-02T15:52:14.603,84,4,0x3fc;0x3f2;0x3f3;0x3fd,0,480
2026-06-02T15:52:14.603,85,4,0x3fc;0x3f2;0x3f3;0x3fd,0,304
2026-06-02T15:52:14.818,86,4,0x3fc;0x3f2;0x3f3;0x3fd,0,440
2026-06-02T15:52:14.818,87,4,0x3fc;0x3f2;0x3f3;0x3fd,0,364
2026-06-02T15:52:14.818,88,4,0x3fc;0x3f2;0x3f3;0x3fd,0,296
2026-06-02T15:52:15.021,89,4,0x3fc;0x3f2;0x3f3;0x3fd,0,225
2026-06-02T15:52:15.021,90,4,0x3fc;0x3f2;0x3f3;0x3fd,0,241
2026-06-02T15:52:15.237,91,4,0x3fc;0x3f2;0x3f3;0x3fd,0,428
2026-06-02T15:52:15.237,92,4,0x3fc;0x3f2;0x3f3;0x3fd,0,771
2026-06-02T15:52:15.440,93,4,0x3fc;0x3f2;0x3f3;0x3fd,0,771
2026-06-02T15:52:15.440,94,4,0x3fc;0x3f2;0x3f3;0x3fd,0,406
2026-06-02T15:52:15.643,95,4,0x3fc;0x3f2;0x3f3;0x3fd,0,233
2026-06-02T15:52:15.643,96,5,0x3fc;0x3f2;0x3f3;0x3fd;0x410,1,361
2026-06-02T15:52:15.643,97,4,0x3fc;0x3f2;0x3f3;0x3fd,0,241
2026-06-02T15:52:15.845,98,4,0x3fc;0x3f2;0x3f3;0x3fd,0,284
2026-06-02T15:52:15.845,99,4,0x3fc;0x3f2;0x3f3;0x3fd,0,265
2026-06-02T15:52:16.046,100,4,0x3fc;0x3f2;0x3f3;0x3fd,0,230
2026-06-02T15:52:16.046,101,4,0x3fc;0x3f2;0x3f3;0x3fd,0,234
2026-06-02T15:52:16.249,102,4,0x3fc;0x3f2;0x3f3;0x3fd,0,243
2026-06-02T15:52:16.249,103,4,0x3fc;0x3f2;0x3f3;0x3fd,0,244
2026-06-02T15:52:16.249,104,4,0x3fc;0x3f2;0x3f3;0x3fd,0,260
2026-06-02T15:52:16.452,105,4,0x3fc;0x3f2;0x3f3;0x3fd,0,238
2026-06-02T15:52:16.452,106,4,0x3fc;0x3f2;0x3f3;0x3fd,0,227
2026-06-02T15:52:16.654,107,4,0x3fc;0x3f2;0x3f3;0x3fd,0,234
2026-06-02T15:52:16.654,108,4,0x3fc;0x3f2;0x3f3;0x3fd,0,235
2026-06-02T15:52:16.856,109,4,0x3fc;0x3f2;0x3f3;0x3fd,0,235
2026-06-02T15:52:16.856,110,4,0x3fc;0x3f2;0x3f3;0x3fd,0,291
2026-06-02T15:52:17.058,111,4,0x3fc;0x3f2;0x3f3;0x3fd,0,258
2026-06-02T15:52:17.058,112,5,0x3fc;0x3f2;0x3f3;0x3fd;0x410,1,397
2026-06-02T15:52:17.059,113,4,0x3fc;0x3f2;0x3f3;0x3fd,0,229
2026-06-02T15:52:17.261,114,4,0x3fc;0x3f2;0x3f3;0x3fd,0,226
2026-06-02T15:52:17.261,115,3,0x3f2;0x3f3;0x3fd,0,182
2026-06-02T15:52:17.478,116,2,0x3f2;0x3fd,0,172
2026-06-02T15:52:17.478,117,3,0x3fc;0x3f2;0x3fd,0,272
2026-06-02T15:52:17.693,118,4,0x3fc;0x3f2;0x3f3;0x3fd,0,225
2026-06-02T15:52:17.693,119,4,0x3fc;0x3f2;0x3f3;0x3fd,0,233
2026-06-02T15:52:17.693,120,4,0x3fc;0x3f2;0x3f3;0x3fd,0,243
2026-06-02T15:52:17.895,121,4,0x3fc;0x3f2;0x3f3;0x3fd,0,220
2026-06-02T15:52:17.895,122,4,0x3fc;0x3f2;0x3f3;0x3fd,0,217
2026-06-02T15:52:18.111,123,4,0x3fc;0x3f2;0x3f3;0x3fd,0,289
2026-06-02T15:52:18.111,124,3,0x3f2;0x3f3;0x3fd,0,190
2026-06-02T15:52:18.313,125,3,0x3fc;0x3f2;0x3fd,0,232
2026-06-02T15:52:18.313,126,4,0x3fc;0x3f2;0x3f3;0x3fd,0,228
2026-06-02T15:52:18.516,127,4,0x3fc;0x3f2;0x3f3;0x3fd,0,346
2026-06-02T15:52:18.516,128,5,0x3fc;0x3f2;0x3f3;0x3fd;0x410,1,505
2026-06-02T15:52:18.516,129,3,0x3f2;0x3f3;0x3fd,0,197
2026-06-02T15:52:18.718,130,2,0x3f2;0x3fd,0,172
2026-06-02T15:52:18.718,131,3,0x3fc;0x3f2;0x3fd,0,216
2026-06-02T15:52:18.921,132,3,0x3f2;0x3f3;0x3fd,0,182
2026-06-02T15:52:18.921,133,3,0x3fc;0x3f2;0x3fd,0,208
2026-06-02T15:52:19.123,134,4,0x3fc;0x3f2;0x3f3;0x3fd,0,225
2026-06-02T15:52:19.123,135,4,0x3fc;0x3f2;0x3f3;0x3fd,0,218
2026-06-02T15:52:19.326,136,4,0x3fc;0x3f2;0x3f3;0x3fd,0,233
2026-06-02T15:52:19.326,137,4,0x3fc;0x3f2;0x3f3;0x3fd,0,339
2026-06-02T15:52:19.326,138,4,0x3fc;0x3f2;0x3f3;0x3fd,0,408
2026-06-02T15:52:19.527,139,4,0x3fc;0x3f2;0x3f3;0x3fd,0,239
2026-06-02T15:52:19.527,140,4,0x3fc;0x3f2;0x3f3;0x3fd,0,225
2026-06-02T15:52:19.730,141,4,0x3fc;0x3f2;0x3f3;0x3fd,0,258
2026-06-02T15:52:19.730,142,4,0x3fc;0x3f2;0x3f3;0x3fd,0,238
2026-06-02T15:52:19.933,143,4,0x3fc;0x3f2;0x3f3;0x3fd,0,243
2026-06-02T15:52:19.933,144,5,0x3fc;0x3f2;0x3f3;0x3fd;0x410,1,388
2026-06-02T15:52:20.135,145,4,0x3fc;0x3f2;0x3f3;0x3fd,0,236
2026-06-02T15:52:20.135,146,4,0x3fc;0x3f2;0x3f3;0x3fd,0,219
2026-06-02T15:52:20.135,147,3,0x3f2;0x3f3;0x3fd,0,181
2026-06-02T15:52:20.338,148,3,0x3fc;0x3f2;0x3fd,0,224
2026-06-02T15:52:20.338,149,4,0x3fc;0x3f2;0x3f3;0x3fd,0,227
2026-06-02T15:52:20.539,150,4,0x3fc;0x3f2;0x3f3;0x3fd,0,290
2026-06-02T15:52:20.539,151,4,0x3fc;0x3f2;0x3f3;0x3fd,0,234
2026-06-02T15:52:20.741,152,4,0x3fc;0x3f2;0x3f3;0x3fd,0,234
2026-06-02T15:52:20.741,153,4,0x3fc;0x3f2;0x3f3;0x3fd,0,243
2026-06-02T15:52:20.941,154,4,0x3fc;0x3f2;0x3f3;0x3fd,0,292
2026-06-02T15:52:20.941,155,4,0x3fc;0x3f2;0x3f3;0x3fd,0,250
2026-06-02T15:52:20.941,156,4,0x3fc;0x3f2;0x3f3;0x3fd,0,236
2026-06-02T15:52:21.143,157,4,0x3fc;0x3f2;0x3f3;0x3fd,0,235
2026-06-02T15:52:21.143,158,4,0x3fc;0x3f2;0x3f3;0x3fd,0,219
2026-06-02T15:52:21.344,159,4,0x3fc;0x3f2;0x3f3;0x3fd,0,241
2026-06-02T15:52:21.344,160,5,0x3fc;0x3f2;0x3f3;0x3fd;0x410,1,388
2026-06-02T15:52:21.548,161,4,0x3fc;0x3f2;0x3f3;0x3fd,0,252
2026-06-02T15:52:21.548,162,4,0x3fc;0x3f2;0x3f3;0x3fd,0,245
2026-06-02T15:52:21.764,163,4,0x3fc;0x3f2;0x3f3;0x3fd,0,252
2026-06-02T15:52:21.764,164,4,0x3fc;0x3f2;0x3f3;0x3fd,0,245
2026-06-02T15:52:21.764,165,4,0x3fc;0x3f2;0x3f3;0x3fd,0,252
2026-06-02T15:52:21.966,166,4,0x3fc;0x3f2;0x3f3;0x3fd,0,245
2026-06-02T15:52:21.966,167,4,0x3fc;0x3f2;0x3f3;0x3fd,0,236
2026-06-02T15:52:22.169,168,4,0x3fc;0x3f2;0x3f3;0x3fd,0,227
2026-06-02T15:52:22.169,169,4,0x3fc;0x3f2;0x3f3;0x3fd,0,234
2026-06-02T15:52:22.372,170,4,0x3fc;0x3f2;0x3f3;0x3fd,0,219
2026-06-02T15:52:22.372,171,4,0x3fc;0x3f2;0x3f3;0x3fd,0,249
2026-06-02T15:52:22.372,172,4,0x3fc;0x3f2;0x3f3;0x3fd,0,253
2026-06-02T15:52:22.575,173,4,0x3fc;0x3f2;0x3f3;0x3fd,0,261
2026-06-02T15:52:22.575,174,4,0x3fc;0x3f2;0x3f3;0x3fd,0,334
2026-06-02T15:52:22.777,175,4,0x3fc;0x3f2;0x3f3;0x3fd,0,247
2026-06-02T15:52:22.777,176,5,0x3fc;0x3f2;0x3f3;0x3fd;0x410,1,379
2026-06-02T15:52:22.978,177,4,0x3fc;0x3f2;0x3f3;0x3fd,0,227
2026-06-02T15:52:22.978,178,4,0x3fc;0x3f2;0x3f3;0x3fd,0,226
2026-06-02T15:52:23.180,179,4,0x3fc;0x3f2;0x3f3;0x3fd,0,234
2026-06-02T15:52:23.180,180,4,0x3fc;0x3f2;0x3f3;0x3fd,0,243
2026-06-02T15:52:23.383,181,4,0x3fc;0x3f2;0x3f3;0x3fd,0,372
2026-06-02T15:52:23.383,182,4,0x3fc;0x3f2;0x3f3;0x3fd,0,260
2026-06-02T15:52:23.383,183,4,0x3fc;0x3f2;0x3f3;0x3fd,0,244
2026-06-02T15:52:23.585,184,4,0x3fc;0x3f2;0x3f3;0x3fd,0,236
2026-06-02T15:52:23.585,185,4,0x3fc;0x3f2;0x3f3;0x3fd,0,283
2026-06-02T15:52:23.787,186,4,0x3fc;0x3f2;0x3f3;0x3fd,0,665
2026-06-02T15:52:23.787,187,4,0x3fc;0x3f2;0x3f3;0x3fd,0,608
2026-06-02T15:52:23.990,188,4,0x3fc;0x3f2;0x3f3;0x3fd,0,339
2026-06-02T15:52:23.990,189,4,0x3fc;0x3f2;0x3f3;0x3fd,0,243
2026-06-02T15:52:23.990,190,4,0x3fc;0x3f2;0x3f3;0x3fd,0,235
2026-06-02T15:52:24.194,191,3,0x3f2;0x3f3;0x3fd,0,183
2026-06-02T15:52:24.410,192,3,0x3f2;0x3fd;0x410,1,316
2026-06-02T15:52:24.411,193,3,0x3fc;0x3f2;0x3fd,0,240
2026-06-02T15:52:24.411,194,4,0x3fc;0x3f2;0x3f3;0x3fd,0,237
2026-06-02T15:52:24.614,195,4,0x3fc;0x3f2;0x3f3;0x3fd,0,235
2026-06-02T15:52:24.614,196,4,0x3fc;0x3f2;0x3f3;0x3fd,0,235
2026-06-02T15:52:24.817,197,4,0x3fc;0x3f2;0x3f3;0x3fd,0,243
2026-06-02T15:52:24.817,198,4,0x3fc;0x3f2;0x3f3;0x3fd,0,252
2026-06-02T15:52:24.817,199,4,0x3fc;0x3f2;0x3f3;0x3fd,0,245
2026-06-02T15:52:25.020,200,4,0x3fc;0x3f2;0x3f3;0x3fd,0,244
2026-06-02T15:52:25.020,201,4,0x3fc;0x3f2;0x3f3;0x3fd,0,236
2026-06-02T15:52:25.221,202,4,0x3fc;0x3f2;0x3f3;0x3fd,0,427
2026-06-02T15:52:25.221,203,4,0x3fc;0x3f2;0x3f3;0x3fd,0,267
2026-06-02T15:52:25.425,204,4,0x3fc;0x3f2;0x3f3;0x3fd,0,244
2026-06-02T15:52:25.425,205,4,0x3fc;0x3f2;0x3f3;0x3fd,0,244
2026-06-02T15:52:25.628,206,4,0x3fc;0x3f2;0x3f3;0x3fd,0,236
2026-06-02T15:52:25.628,207,4,0x3fc;0x3f2;0x3f3;0x3fd,0,235
2026-06-02T15:52:25.829,208,5,0x3fc;0x3f2;0x3f3;0x3fd;0x410,1,379
2026-06-02T15:52:25.830,209,4,0x3fc;0x3f2;0x3f3;0x3fd,0,227
2026-06-02T15:52:25.830,210,4,0x3fc;0x3f2;0x3f3;0x3fd,0,218
2026-06-02T15:52:26.031,211,4,0x3fc;0x3f2;0x3f3;0x3fd,0,225
2026-06-02T15:52:26.031,212,4,0x3fc;0x3f2;0x3f3;0x3fd,0,218
2026-06-02T15:52:26.233,213,4,0x3fc;0x3f2;0x3f3;0x3fd,0,225
2026-06-02T15:52:26.233,214,4,0x3fc;0x3f2;0x3f3;0x3fd,0,234
2026-06-02T15:52:26.435,215,4,0x3fc;0x3f2;0x3f3;0x3fd,0,243
2026-06-02T15:52:26.435,216,4,0x3fc;0x3f2;0x3f3;0x3fd,0,236
2026-06-02T15:52:26.435,217,4,0x3fc;0x3f2;0x3f3;0x3fd,0,227
2026-06-02T15:52:26.638,218,4,0x3fc;0x3f2;0x3f3;0x3fd,0,218
2026-06-02T15:52:26.638,219,4,0x3fc;0x3f2;0x3f3;0x3fd,0,225
2026-06-02T15:52:26.840,220,4,0x3fc;0x3f2;0x3f3;0x3fd,0,226
2026-06-02T15:52:26.840,221,4,0x3fc;0x3f2;0x3f3;0x3fd,0,218
2026-06-02T15:52:27.042,222,4,0x3fc;0x3f2;0x3f3;0x3fd,0,225
2026-06-02T15:52:27.042,223,4,0x3fc;0x3f2;0x3f3;0x3fd,0,506
2026-06-02T15:52:27.244,224,5,0x3fc;0x3f2;0x3f3;0x3fd;0x410,1,685
2026-06-02T15:52:27.244,225,4,0x3fc;0x3f2;0x3f3;0x3fd,0,261
2026-06-02T15:52:27.244,226,4,0x3fc;0x3f2;0x3f3;0x3fd,0,234
2026-06-02T15:52:27.446,227,4,0x3fc;0x3f2;0x3f3;0x3fd,0,235
2026-06-02T15:52:27.446,228,4,0x3fc;0x3f2;0x3f3;0x3fd,0,219
2026-06-02T15:52:27.650,229,4,0x3fc;0x3f2;0x3f3;0x3fd,0,225
2026-06-02T15:52:27.650,230,4,0x3fc;0x3f2;0x3f3;0x3fd,0,226
2026-06-02T15:52:27.853,231,4,0x3fc;0x3f2;0x3f3;0x3fd,0,234
2026-06-02T15:52:27.853,232,4,0x3fc;0x3f2;0x3f3;0x3fd,0,219
2026-06-02T15:52:28.054,233,4,0x3fc;0x3f2;0x3f3;0x3fd,0,233
2026-06-02T15:52:28.054,234,4,0x3fc;0x3f2;0x3f3;0x3fd,0,259
2026-06-02T15:52:28.054,235,4,0x3fc;0x3f2;0x3f3;0x3fd,0,246
2026-06-02T15:52:28.258,236,4,0x3fc;0x3f2;0x3f3;0x3fd,0,236
2026-06-02T15:52:28.258,237,4,0x3fc;0x3f2;0x3f3;0x3fd,0,371
2026-06-02T15:52:28.462,238,4,0x3fc;0x3f2;0x3f3;0x3fd,0,356
2026-06-02T15:52:28.462,239,4,0x3fc;0x3f2;0x3f3;0x3fd,0,1000
2026-06-02T15:52:28.663,240,5,0x3fc;0x3f2;0x3f3;0x3fd;0x410,1,1225
2026-06-02T15:52:28.663,241,4,0x3fc;0x3f2;0x3f3;0x3fd,0,353
2026-06-02T15:52:28.866,242,4,0x3fc;0x3f2;0x3f3;0x3fd,0,462
2026-06-02T15:52:28.866,243,4,0x3fc;0x3f2;0x3f3;0x3fd,0,519
2026-06-02T15:52:28.866,244,4,0x3fc;0x3f2;0x3f3;0x3fd,0,547
2026-06-02T15:52:29.068,245,4,0x3fc;0x3f2;0x3f3;0x3fd,0,326
2026-06-02T15:52:29.068,246,4,0x3fc;0x3f2;0x3f3;0x3fd,0,794
2026-06-02T15:52:29.272,247,4,0x3fc;0x3f2;0x3f3;0x3fd,0,592
2026-06-02T15:52:29.272,248,4,0x3fc;0x3f2;0x3f3;0x3fd,0,447
2026-06-02T15:52:29.473,249,4,0x3fc;0x3f2;0x3f3;0x3fd,0,353
2026-06-02T15:52:29.473,250,4,0x3fc;0x3f2;0x3f3;0x3fd,0,607
2026-06-02T15:52:29.675,251,4,0x3fc;0x3f2;0x3f3;0x3fd,0,320
2026-06-02T15:52:29.675,252,4,0x3fc;0x3f2;0x3f3;0x3fd,0,448
2026-06-02T15:52:29.675,253,4,0x3fc;0x3f2;0x3f3;0x3fd,0,605
2026-06-02T15:52:29.876,254,4,0x3fc;0x3f2;0x3f3;0x3fd,0,758
2026-06-02T15:52:29.876,255,4,0x3fc;0x3f2;0x3f3;0x3fd,0,279
2026-06-02T15:52:30.092,256,5,0x3fc;0x3f2;0x3f3;0x3fd;0x410,1,361
2026-06-02T15:52:30.092,257,4,0x3fc;0x3f2;0x3f3;0x3fd,0,785
2026-06-02T15:52:30.294,258,4,0x3fc;0x3f2;0x3f3;0x3fd,0,320
2026-06-02T15:52:30.294,259,4,0x3fc;0x3f2;0x3f3;0x3fd,0,261
2026-06-02T15:52:30.294,260,4,0x3fc;0x3f2;0x3f3;0x3fd,0,278
2026-06-02T15:52:30.497,261,4,0x3fc;0x3f2;0x3f3;0x3fd,0,456
2026-06-02T15:52:30.497,262,4,0x3fc;0x3f2;0x3f3;0x3fd,0,342
2026-06-02T15:52:30.701,263,4,0x3fc;0x3f2;0x3f3;0x3fd,0,229
2026-06-02T15:52:30.701,264,4,0x3fc;0x3f2;0x3f3;0x3fd,0,321
2026-06-02T15:52:30.902,265,4,0x3fc;0x3f2;0x3f3;0x3fd,0,574
2026-06-02T15:52:30.902,266,4,0x3fc;0x3f2;0x3f3;0x3fd,0,260
2026-06-02T15:52:31.106,267,4,0x3fc;0x3f2;0x3f3;0x3fd,0,625
2026-06-02T15:52:31.106,268,4,0x3fc;0x3f2;0x3f3;0x3fd,0,684
2026-06-02T15:52:31.106,269,4,0x3fc;0x3f2;0x3f3;0x3fd,0,621
2026-06-02T15:52:31.310,270,4,0x3fc;0x3f2;0x3f3;0x3fd,0,293
2026-06-02T15:52:31.310,271,4,0x3fc;0x3f2;0x3f3;0x3fd,0,413
2026-06-02T15:52:31.512,272,5,0x3fc;0x3f2;0x3f3;0x3fd;0x410,1,577
2026-06-02T15:52:31.512,273,4,0x3fc;0x3f2;0x3f3;0x3fd,0,353
2026-06-02T15:52:31.713,274,4,0x3fc;0x3f2;0x3f3;0x3fd,0,335
2026-06-02T15:52:31.713,275,4,0x3fc;0x3f2;0x3f3;0x3fd,0,326
2026-06-02T15:52:31.916,276,4,0x3fc;0x3f2;0x3f3;0x3fd,0,317
2026-06-02T15:52:31.916,277,3,0x3f2;0x3f3;0x3fd,0,192
2026-06-02T15:52:31.916,278,3,0x3fc;0x3f2;0x3fd,0,368
2026-06-02T15:52:32.121,279,2,0x3fc;0x3fd,0,184
2026-06-02T15:52:32.121,280,2,0x3fc;0x3fd,0,120
2026-06-02T15:52:32.324,281,2,0x3fc;0x3fd,0,128
2026-06-02T15:52:32.324,282,2,0x3fc;0x3fd,0,232
2026-06-02T15:52:32.526,283,2,0x3fc;0x3fd,0,152
2026-06-02T15:52:32.526,284,2,0x3fc;0x3fd,0,112
2026-06-02T15:52:32.727,285,2,0x3fc;0x3fd,0,96
2026-06-02T15:52:32.727,286,2,0x3fc;0x3fd,0,112
2026-06-02T15:52:32.727,287,2,0x3fc;0x3fd,0,120
2026-06-02T15:52:32.930,288,3,0x3fc;0x3fd;0x410,1,264
2026-06-02T15:52:32.930,289,2,0x3fc;0x3fd,0,400
2026-06-02T15:52:33.132,290,2,0x3fc;0x3fd,0,232
2026-06-02T15:52:33.132,291,2,0x3fc;0x3fd,0,104
2026-06-02T15:52:33.333,292,2,0x3fc;0x3fd,0,160
2026-06-02T15:52:33.333,293,2,0x3fc;0x3fd,0,112
2026-06-02T15:52:33.535,294,2,0x3fc;0x3fd,0,104
2026-06-02T15:52:33.535,295,1,0x3fd,0,52
2026-06-02T15:52:33.535,296,1,0x3fd,0,52
2026-06-02T15:52:33.736,297,2,0x3fc;0x3fd,0,88
2026-06-02T15:52:33.736,298,2,0x3fc;0x3fd,0,88
2026-06-02T15:52:33.939,299,2,0x3fc;0x3fd,0,88
2026-06-02T15:52:33.939,300,2,0x3fc;0x3fd,0,88
2026-06-02T15:52:34.141,301,2,0x3fc;0x3fd,0,112
2026-06-02T15:52:34.141,302,2,0x3fc;0x3fd,0,104
2026-06-02T15:52:34.357,303,2,0x3fc;0x3fd,0,104
2026-06-02T15:52:34.357,304,3,0x3fc;0x3fd;0x410,1,248
2026-06-02T15:52:34.357,305,2,0x3fc;0x3fd,0,96
2026-06-02T15:52:34.558,306,2,0x3fc;0x3fd,0,96
2026-06-02T15:52:34.558,307,2,0x3fc;0x3fd,0,96
2026-06-02T15:52:34.761,308,2,0x3fc;0x3fd,0,96
2026-06-02T15:52:34.761,309,2,0x3fc;0x3fd,0,224
2026-06-02T15:52:34.964,310,2,0x3fc;0x3fd,0,192
2026-06-02T15:52:34.964,311,2,0x3fc;0x3fd,0,544
2026-06-02T15:52:35.165,312,4,0x3fc;0x3f2;0x3f3;0x3fd,0,458
2026-06-02T15:52:35.165,313,4,0x3fc;0x3f2;0x3f3;0x3fd,0,464
2026-06-02T15:52:35.165,314,4,0x3fc;0x3f2;0x3f3;0x3fd,0,309
2026-06-02T15:52:35.367,315,4,0x3fc;0x3f2;0x3f3;0x3fd,0,409
2026-06-02T15:52:35.367,316,4,0x3fc;0x3f2;0x3f3;0x3fd,0,280
2026-06-02T15:52:35.571,317,4,0x3fc;0x3f2;0x3f3;0x3fd,0,230
2026-06-02T15:52:35.571,318,4,0x3fc;0x3f2;0x3f3;0x3fd,0,410
2026-06-02T15:52:35.772,319,4,0x3fc;0x3f2;0x3f3;0x3fd,0,305
2026-06-02T15:52:35.772,320,5,0x3fc;0x3f2;0x3f3;0x3fd;0x410,1,433
2026-06-02T15:52:35.975,321,4,0x3fc;0x3f2;0x3f3;0x3fd,0,809
2026-06-02T15:52:35.975,322,4,0x3fc;0x3f2;0x3f3;0x3fd,0,314
2026-06-02T15:52:35.975,323,4,0x3fc;0x3f2;0x3f3;0x3fd,0,564
2026-06-02T15:52:36.178,324,4,0x3fc;0x3f2;0x3f3;0x3fd,0,356
2026-06-02T15:52:36.178,325,4,0x3fc;0x3f2;0x3f3;0x3fd,0,253
2026-06-02T15:52:36.379,326,4,0x3fc;0x3f2;0x3f3;0x3fd,0,532
2026-06-02T15:52:36.379,327,4,0x3fc;0x3f2;0x3f3;0x3fd,0,912
2026-06-02T15:52:36.786,330,3,0x3f2;0x3f3;0x3fd,0,209
2026-06-02T15:52:36.786,331,3,0x3fc;0x3f2;0x3fd,0,472
2026-06-02T15:52:36.786,332,4,0x3fc;0x3f2;0x3f3;0x3fd,0,274
2026-06-02T15:52:36.989,333,4,0x3fc;0x3f2;0x3f3;0x3fd,0,220
2026-06-02T15:52:36.989,334,4,0x3fc;0x3f2;0x3f3;0x3fd,0,233
2026-06-02T15:52:37.195,335,4,0x3fc;0x3f2;0x3f3;0x3fd,0,227
2026-06-02T15:52:37.195,336,5,0x3fc;0x3f2;0x3f3;0x3fd;0x410,1,370
2026-06-02T15:52:37.397,337,4,0x3fc;0x3f2;0x3f3;0x3fd,0,242
2026-06-02T15:52:37.397,338,4,0x3fc;0x3f2;0x3f3;0x3fd,0,244
2026-06-02T15:52:37.601,339,4,0x3fc;0x3f2;0x3f3;0x3fd,0,228
2026-06-02T15:52:37.601,340,4,0x3fc;0x3f2;0x3f3;0x3fd,0,378
2026-06-02T15:52:37.601,341,4,0x3fc;0x3f2;0x3f3;0x3fd,0,525
2026-06-02T15:52:37.804,342,4,0x3fc;0x3f2;0x3f3;0x3fd,0,269
2026-06-02T15:52:37.804,343,4,0x3fc;0x3f2;0x3f3;0x3fd,0,235
2026-06-02T15:52:38.018,344,4,0x3fc;0x3f2;0x3f3;0x3fd,0,243
2026-06-02T15:52:38.018,345,4,0x3fc;0x3f2;0x3f3;0x3fd,0,236
2026-06-02T15:52:38.220,346,4,0x3fc;0x3f2;0x3f3;0x3fd,0,227
2026-06-02T15:52:38.220,347,4,0x3fc;0x3f2;0x3f3;0x3fd,0,234
2026-06-02T15:52:38.220,348,4,0x3fc;0x3f2;0x3f3;0x3fd,0,227
2026-06-02T15:52:38.421,349,4,0x3fc;0x3f2;0x3f3;0x3fd,0,234
2026-06-02T15:52:38.421,350,4,0x3fc;0x3f2;0x3f3;0x3fd,0,227
2026-06-02T15:52:38.624,351,4,0x3fc;0x3f2;0x3f3;0x3fd,0,314
2026-06-02T15:52:38.624,352,5,0x3fc;0x3f2;0x3f3;0x3fd;0x410,1,469
2026-06-02T15:52:38.824,353,4,0x3fc;0x3f2;0x3f3;0x3fd,0,373
2026-06-02T15:52:38.824,354,4,0x3fc;0x3f2;0x3f3;0x3fd,0,379
2026-06-02T15:52:39.026,355,4,0x3fc;0x3f2;0x3f3;0x3fd,0,355
2026-06-02T15:52:39.026,356,4,0x3fc;0x3f2;0x3f3;0x3fd,0,272
2026-06-02T15:52:39.026,357,4,0x3fc;0x3f2;0x3f3;0x3fd,0,230
2026-06-02T15:52:39.226,358,4,0x3fc;0x3f2;0x3f3;0x3fd,0,226
2026-06-02T15:52:39.226,359,4,0x3fc;0x3f2;0x3f3;0x3fd,0,234
2026-06-02T15:52:39.428,360,4,0x3fc;0x3f2;0x3f3;0x3fd,0,235
2026-06-02T15:52:39.428,361,4,0x3fc;0x3f2;0x3f3;0x3fd,0,235
2026-06-02T15:52:39.629,362,4,0x3fc;0x3f2;0x3f3;0x3fd,0,363
2026-06-02T15:52:39.629,363,4,0x3fc;0x3f2;0x3f3;0x3fd,0,395
2026-06-02T15:52:39.829,364,4,0x3fc;0x3f2;0x3f3;0x3fd,0,357
2026-06-02T15:52:39.829,365,4,0x3fc;0x3f2;0x3f3;0x3fd,0,248
2026-06-02T15:52:39.829,366,4,0x3fc;0x3f2;0x3f3;0x3fd,0,259
2026-06-02T15:52:40.030,367,4,0x3fc;0x3f2;0x3f3;0x3fd,0,230
2026-06-02T15:52:40.232,368,5,0x3fc;0x3f2;0x3f3;0x3fd;0x410,1,370
2026-06-02T15:52:40.233,369,4,0x3fc;0x3f2;0x3f3;0x3fd,0,226
2026-06-02T15:52:40.233,370,4,0x3fc;0x3f2;0x3f3;0x3fd,0,218
2026-06-02T15:52:40.434,371,4,0x3fc;0x3f2;0x3f3;0x3fd,0,233
2026-06-02T15:52:40.434,372,4,0x3fc;0x3f2;0x3f3;0x3fd,0,499
2026-06-02T15:52:40.649,373,4,0x3fc;0x3f2;0x3f3;0x3fd,0,484
2026-06-02T15:52:40.649,374,4,0x3fc;0x3f2;0x3f3;0x3fd,0,246
2026-06-02T15:52:40.649,375,4,0x3fc;0x3f2;0x3f3;0x3fd,0,241
2026-06-02T15:52:40.852,376,4,0x3fc;0x3f2;0x3f3;0x3fd,0,260
2026-06-02T15:52:40.852,377,4,0x3fc;0x3f2;0x3f3;0x3fd,0,262
2026-06-02T15:52:41.057,378,4,0x3fc;0x3f2;0x3f3;0x3fd,0,246
2026-06-02T15:52:41.057,379,4,0x3fc;0x3f2;0x3f3;0x3fd,0,252
2026-06-02T15:52:41.258,380,4,0x3fc;0x3f2;0x3f3;0x3fd,0,237
2026-06-02T15:52:41.258,381,4,0x3fc;0x3f2;0x3f3;0x3fd,0,243
2026-06-02T15:52:41.460,382,4,0x3fc;0x3f2;0x3f3;0x3fd,0,236
2026-06-02T15:52:41.460,383,4,0x3fc;0x3f2;0x3f3;0x3fd,0,235
2026-06-02T15:52:41.664,384,5,0x3fc;0x3f2;0x3f3;0x3fd;0x410,1,379
2026-06-02T15:52:41.665,385,4,0x3fc;0x3f2;0x3f3;0x3fd,0,331
2026-06-02T15:52:41.665,386,4,0x3fc;0x3f2;0x3f3;0x3fd,0,551
2026-06-02T15:52:41.867,387,3,0x3f2;0x3f3;0x3fd,0,221
2026-06-02T15:52:41.867,388,3,0x3fc;0x3f2;0x3fd,0,208
2026-06-02T15:52:42.069,389,3,0x3f2;0x3f3;0x3fd,0,181
2026-06-02T15:52:42.069,390,3,0x3fc;0x3f2;0x3fd,0,224
2026-06-02T15:52:42.271,391,3,0x3f2;0x3f3;0x3fd,0,183
2026-06-02T15:52:42.271,392,2,0x3f2;0x3fd,0,172
2026-06-02T15:52:42.271,393,3,0x3fc;0x3f2;0x3fd,0,216
2026-06-02T15:52:42.474,394,4,0x3fc;0x3f2;0x3f3;0x3fd,0,218
2026-06-02T15:52:42.474,395,3,0x3f2;0x3f3;0x3fd,0,181
2026-06-02T15:52:42.676,396,3,0x3fc;0x3f2;0x3fd,0,464
2026-06-02T15:52:42.676,397,4,0x3fc;0x3f2;0x3f3;0x3fd,0,249
2026-06-02T15:52:42.879,398,4,0x3fc;0x3f2;0x3f3;0x3fd,0,353
2026-06-02T15:52:42.879,399,4,0x3fc;0x3f2;0x3f3;0x3fd,0,306
2026-06-02T15:52:43.079,400,5,0x3fc;0x3f2;0x3f3;0x3fd;0x410,1,442
2026-06-02T15:52:43.079,401,3,0x3f2;0x3f3;0x3fd,0,190
2026-06-02T15:52:43.079,402,2,0x3f2;0x3fd,0,172
2026-06-02T15:52:43.282,403,2,0x3f2;0x3fd,0,172
2026-06-02T15:52:43.282,404,3,0x3fc;0x3f2;0x3fd,0,216
2026-06-02T15:52:43.487,405,4,0x3fc;0x3f2;0x3f3;0x3fd,0,314
2026-06-02T15:52:43.487,406,4,0x3fc;0x3f2;0x3f3;0x3fd,0,245
2026-06-02T15:52:43.701,407,4,0x3fc;0x3f2;0x3f3;0x3fd,0,235
2026-06-02T15:52:43.701,408,4,0x3fc;0x3f2;0x3f3;0x3fd,0,315
2026-06-02T15:52:43.701,409,4,0x3fc;0x3f2;0x3f3;0x3fd,0,285
2026-06-02T15:52:43.902,410,4,0x3fc;0x3f2;0x3f3;0x3fd,0,376
2026-06-02T15:52:43.902,411,3,0x3f2;0x3f3;0x3fd,0,200
2026-06-02T15:52:44.106,412,2,0x3f2;0x3fd,0,172
2026-06-02T15:52:44.106,413,2,0x3f2;0x3fd,0,172
2026-06-02T15:52:44.309,414,2,0x3f2;0x3fd,0,172
2026-06-02T15:52:44.309,415,2,0x3f2;0x3fd,0,172
2026-06-02T15:52:44.513,416,3,0x3f2;0x3fd;0x410,1,316
2026-06-02T15:52:44.513,417,2,0x3f2;0x3fd,0,172
2026-06-02T15:52:44.513,418,3,0x3fc;0x3f2;0x3fd,0,224
2026-06-02T15:52:44.717,419,4,0x3fc;0x3f2;0x3f3;0x3fd,0,235
2026-06-02T15:52:44.717,420,4,0x3fc;0x3f2;0x3f3;0x3fd,0,227
2026-06-02T15:52:44.918,421,3,0x3f2;0x3f3;0x3fd,0,182
2026-06-02T15:52:44.918,422,3,0x3fc;0x3f2;0x3fd,0,328
2026-06-02T15:52:45.119,423,4,0x3fc;0x3f2;0x3f3;0x3fd,0,296
2026-06-02T15:52:45.119,424,4,0x3fc;0x3f2;0x3f3;0x3fd,0,257
2026-06-02T15:52:45.323,425,4,0x3fc;0x3f2;0x3f3;0x3fd,0,245
2026-06-02T15:52:45.323,426,4,0x3fc;0x3f2;0x3f3;0x3fd,0,364
2026-06-02T15:52:45.323,427,3,0x3f2;0x3f3;0x3fd,0,199
2026-06-02T15:52:45.539,428,3,0x3fc;0x3f2;0x3fd,0,312
2026-06-02T15:52:45.539,429,4,0x3fc;0x3f2;0x3f3;0x3fd,0,286
2026-06-02T15:52:45.741,430,4,0x3fc;0x3f2;0x3f3;0x3fd,0,232
2026-06-02T15:52:45.742,431,4,0x3fc;0x3f2;0x3f3;0x3fd,0,362
2026-06-02T15:52:45.946,432,5,0x3fc;0x3f2;0x3f3;0x3fd;0x410,1,523
2026-06-02T15:52:45.947,433,3,0x3f2;0x3f3;0x3fd,0,199
2026-06-02T15:52:46.148,434,2,0x3f2;0x3fd,0,172
2026-06-02T15:52:46.148,435,2,0x3f2;0x3fd,0,172
2026-06-02T15:52:46.148,436,2,0x3f2;0x3fd,0,172
2026-06-02T15:52:46.363,437,3,0x3fc;0x3f2;0x3fd,0,264
2026-06-02T15:52:46.364,438,4,0x3fc;0x3f2;0x3f3;0x3fd,0,240
2026-06-02T15:52:46.577,439,4,0x3fc;0x3f2;0x3f3;0x3fd,0,259
2026-06-02T15:52:46.577,440,3,0x3f2;0x3f3;0x3fd,0,186
2026-06-02T15:52:46.778,441,3,0x3fc;0x3f2;0x3fd,0,280
2026-06-02T15:52:46.778,442,4,0x3fc;0x3f2;0x3f3;0x3fd,0,394
2026-06-02T15:52:46.778,443,4,0x3fc;0x3f2;0x3f3;0x3fd,0,246
2026-06-02T15:52:46.981,444,4,0x3fc;0x3f2;0x3f3;0x3fd,0,226
2026-06-02T15:52:46.981,445,3,0x3f2;0x3f3;0x3fd,0,182
2026-06-02T15:52:47.184,446,3,0x3fc;0x3f2;0x3fd,0,216
2026-06-02T15:52:47.184,447,4,0x3fc;0x3f2;0x3f3;0x3fd,0,474
2026-06-02T15:52:47.385,448,5,0x3fc;0x3f2;0x3f3;0x3fd;0x410,1,649
2026-06-02T15:52:47.385,449,4,0x3fc;0x3f2;0x3f3;0x3fd,0,561
2026-06-02T15:52:47.590,450,4,0x3fc;0x3f2;0x3f3;0x3fd,0,1048
2026-06-02T15:52:47.590,451,4,0x3fc;0x3f2;0x3f3;0x3fd,0,716
2026-06-02T15:52:47.590,452,4,0x3fc;0x3f2;0x3f3;0x3fd,0,307
2026-06-02T15:52:47.792,453,4,0x3fc;0x3f2;0x3f3;0x3fd,0,254
2026-06-02T15:52:47.792,454,4,0x3fc;0x3f2;0x3f3;0x3fd,0,253
2026-06-02T15:52:47.994,455,4,0x3fc;0x3f2;0x3f3;0x3fd,0,245
2026-06-02T15:52:47.994,456,4,0x3fc;0x3f2;0x3f3;0x3fd,0,260
2026-06-02T15:52:48.195,457,4,0x3fc;0x3f2;0x3f3;0x3fd,0,254
2026-06-02T15:52:48.195,458,4,0x3fc;0x3f2;0x3f3;0x3fd,0,277
2026-06-02T15:52:48.398,459,4,0x3fc;0x3f2;0x3f3;0x3fd,0,264
2026-06-02T15:52:48.398,460,4,0x3fc;0x3f2;0x3f3;0x3fd,0,262
2026-06-02T15:52:48.398,461,4,0x3fc;0x3f2;0x3f3;0x3fd,0,254
2026-06-02T15:52:48.602,462,4,0x3fc;0x3f2;0x3f3;0x3fd,0,253
2026-06-02T15:52:48.602,463,4,0x3fc;0x3f2;0x3f3;0x3fd,0,253
2026-06-02T15:52:48.804,464,5,0x3fc;0x3f2;0x3f3;0x3fd;0x410,1,397
2026-06-02T15:52:48.805,465,4,0x3fc;0x3f2;0x3f3;0x3fd,0,389
2026-06-02T15:52:49.007,466,4,0x3fc;0x3f2;0x3f3;0x3fd,0,254
2026-06-02T15:52:49.007,467,4,0x3fc;0x3f2;0x3f3;0x3fd,0,379
2026-06-02T15:52:49.208,468,4,0x3fc;0x3f2;0x3f3;0x3fd,0,285
2026-06-02T15:52:49.208,469,3,0x3f2;0x3f3;0x3fd,0,187
2026-06-02T15:52:49.208,470,3,0x3fc;0x3f2;0x3fd,0,216
2026-06-02T15:52:49.410,471,4,0x3fc;0x3f2;0x3f3;0x3fd,0,218
2026-06-02T15:52:49.410,472,4,0x3fc;0x3f2;0x3f3;0x3fd,0,241
2026-06-02T15:52:49.612,473,4,0x3fc;0x3f2;0x3f3;0x3fd,0,228
2026-06-02T15:52:49.612,474,4,0x3fc;0x3f2;0x3f3;0x3fd,0,234
2026-06-02T15:52:49.815,475,4,0x3fc;0x3f2;0x3f3;0x3fd,0,307
2026-06-02T15:52:49.815,476,4,0x3fc;0x3f2;0x3f3;0x3fd,0,252
2026-06-02T15:52:50.016,477,4,0x3fc;0x3f2;0x3f3;0x3fd,0,228
2026-06-02T15:52:50.016,478,4,0x3fc;0x3f2;0x3f3;0x3fd,0,266
2026-06-02T15:52:50.016,479,4,0x3fc;0x3f2;0x3f3;0x3fd,0,511
2026-06-02T15:52:50.216,480,5,0x3fc;0x3f2;0x3f3;0x3fd;0x410,1,685
2026-06-02T15:52:50.217,481,4,0x3fc;0x3f2;0x3f3;0x3fd,0,269
2026-06-02T15:52:50.418,482,4,0x3fc;0x3f2;0x3f3;0x3fd,0,243
2026-06-02T15:52:50.418,483,4,0x3fc;0x3f2;0x3f3;0x3fd,0,244
2026-06-02T15:52:50.621,484,4,0x3fc;0x3f2;0x3f3;0x3fd,0,252
2026-06-02T15:52:50.621,485,4,0x3fc;0x3f2;0x3f3;0x3fd,0,253
2026-06-02T15:52:50.822,486,4,0x3fc;0x3f2;0x3f3;0x3fd,0,277
2026-06-02T15:52:50.822,487,4,0x3fc;0x3f2;0x3f3;0x3fd,0,256
2026-06-02T15:52:50.822,488,4,0x3fc;0x3f2;0x3f3;0x3fd,0,237
2026-06-02T15:52:51.025,489,4,0x3fc;0x3f2;0x3f3;0x3fd,0,243
2026-06-02T15:52:51.025,490,4,0x3fc;0x3f2;0x3f3;0x3fd,0,228
2026-06-02T15:52:51.229,491,4,0x3fc;0x3f2;0x3f3;0x3fd,0,234
2026-06-02T15:52:51.229,492,4,0x3fc;0x3f2;0x3f3;0x3fd,0,259
2026-06-02T15:52:51.431,493,4,0x3fc;0x3f2;0x3f3;0x3fd,0,238
2026-06-02T15:52:51.432,494,4,0x3fc;0x3f2;0x3f3;0x3fd,0,235
2026-06-02T15:52:51.632,495,4,0x3fc;0x3f2;0x3f3;0x3fd,0,339
2026-06-02T15:52:51.632,496,5,0x3fc;0x3f2;0x3f3;0x3fd;0x410,1,496
2026-06-02T15:52:51.634,497,4,0x3fc;0x3f2;0x3f3;0x3fd,0,264
2026-06-02T15:52:51.850,498,4,0x3fc;0x3f2;0x3f3;0x3fd,0,229
2026-06-02T15:52:51.850,499,4,0x3fc;0x3f2;0x3f3;0x3fd,0,250
2026-06-02T15:52:52.053,500,4,0x3fc;0x3f2;0x3f3;0x3fd,0,245
2026-06-02T15:52:52.053,501,4,0x3fc;0x3f2;0x3f3;0x3fd,0,284
2026-06-02T15:52:52.257,502,3,0x3f2;0x3f3;0x3fd,0,189
2026-06-02T15:52:52.257,503,3,0x3fc;0x3f2;0x3fd,0,216
2026-06-02T15:52:52.257,504,3,0x3f2;0x3f3;0x3fd,0,182
2026-06-02T15:52:52.470,505,3,0x3fc;0x3f2;0x3fd,0,288
2026-06-02T15:52:52.470,506,4,0x3fc;0x3f2;0x3f3;0x3fd,0,251
2026-06-02T15:52:52.675,507,4,0x3fc;0x3f2;0x3f3;0x3fd,0,228
2026-06-02T15:52:52.675,508,4,0x3fc;0x3f2;0x3f3;0x3fd,0,226
2026-06-02T15:52:52.877,509,3,0x3f2;0x3f3;0x3fd,0,182
2026-06-02T15:52:52.877,510,2,0x3f2;0x3fd,0,172
2026-06-02T15:52:53.078,511,3,0x3fc;0x3f2;0x3fd,0,320
2026-06-02T15:52:53.078,512,5,0x3fc;0x3f2;0x3f3;0x3fd;0x410,1,487
2026-06-02T15:52:53.078,513,4,0x3fc;0x3f2;0x3f3;0x3fd,0,303
2026-06-02T15:52:53.279,514,4,0x3fc;0x3f2;0x3f3;0x3fd,0,290
2026-06-02T15:52:53.280,515,4,0x3fc;0x3f2;0x3f3;0x3fd,0,281
2026-06-02T15:52:53.481,516,4,0x3fc;0x3f2;0x3f3;0x3fd,0,272
2026-06-02T15:52:53.481,517,4,0x3fc;0x3f2;0x3f3;0x3fd,0,255
2026-06-02T15:52:53.696,518,4,0x3fc;0x3f2;0x3f3;0x3fd,0,293
2026-06-02T15:52:53.696,519,4,0x3fc;0x3f2;0x3f3;0x3fd,0,282
2026-06-02T15:52:53.696,520,4,0x3fc;0x3f2;0x3f3;0x3fd,0,272
2026-06-02T15:52:53.898,521,4,0x3fc;0x3f2;0x3f3;0x3fd,0,239
2026-06-02T15:52:53.898,522,3,0x3f2;0x3f3;0x3fd,0,183
2026-06-02T15:52:54.100,523,3,0x3fc;0x3f2;0x3fd,0,248
2026-06-02T15:52:54.100,524,4,0x3fc;0x3f2;0x3f3;0x3fd,0,270
2026-06-02T15:52:54.303,525,4,0x3fc;0x3f2;0x3f3;0x3fd,0,271
2026-06-02T15:52:54.303,526,4,0x3fc;0x3f2;0x3f3;0x3fd,0,263
2026-06-02T15:52:54.507,527,4,0x3fc;0x3f2;0x3f3;0x3fd,0,246
2026-06-02T15:52:54.507,528,5,0x3fc;0x3f2;0x3f3;0x3fd;0x410,1,388
2026-06-02T15:52:54.507,529,4,0x3fc;0x3f2;0x3f3;0x3fd,0,228
2026-06-02T15:52:54.708,530,4,0x3fc;0x3f2;0x3f3;0x3fd,0,234
2026-06-02T15:52:54.708,531,3,0x3f2;0x3f3;0x3fd,0,183
2026-06-02T15:52:54.912,532,2,0x3f2;0x3fd,0,172
2026-06-02T15:52:54.912,533,3,0x3fc;0x3f2;0x3fd,0,280
2026-06-02T15:52:55.116,534,4,0x3fc;0x3f2;0x3f3;0x3fd,0,242
2026-06-02T15:52:55.116,535,3,0x3f2;0x3f3;0x3fd,0,183
2026-06-02T15:52:55.316,536,3,0x3fc;0x3f2;0x3fd,0,512
2026-06-02T15:52:55.316,537,3,0x3f2;0x3f3;0x3fd,0,219
2026-06-02T15:52:55.316,538,3,0x3fc;0x3f2;0x3fd,0,240
2026-06-02T15:52:55.520,539,4,0x3fc;0x3f2;0x3f3;0x3fd,0,269
2026-06-02T15:52:55.520,540,4,0x3fc;0x3f2;0x3f3;0x3fd,0,247
2026-06-02T15:52:55.722,541,4,0x3fc;0x3f2;0x3f3;0x3fd,0,268
2026-06-02T15:52:55.722,542,4,0x3fc;0x3f2;0x3f3;0x3fd,0,263
2026-06-02T15:52:55.925,543,4,0x3fc;0x3f2;0x3f3;0x3fd,0,638
2026-06-02T15:52:55.925,544,5,0x3fc;0x3f2;0x3f3;0x3fd;0x410,1,829
2026-06-02T15:52:56.129,545,4,0x3fc;0x3f2;0x3f3;0x3fd,0,301
2026-06-02T15:52:56.129,546,4,0x3fc;0x3f2;0x3f3;0x3fd,0,349
2026-06-02T15:52:56.129,547,4,0x3fc;0x3f2;0x3f3;0x3fd,0,329
2026-06-02T15:52:56.330,548,4,0x3fc;0x3f2;0x3f3;0x3fd,0,261
2026-06-02T15:52:56.330,549,4,0x3fc;0x3f2;0x3f3;0x3fd,0,285
2026-06-02T15:52:56.532,550,4,0x3fc;0x3f2;0x3f3;0x3fd,0,257
2026-06-02T15:52:56.532,551,4,0x3fc;0x3f2;0x3f3;0x3fd,0,325
2026-06-02T15:52:56.736,552,4,0x3fc;0x3f2;0x3f3;0x3fd,0,366
2026-06-02T15:52:56.736,553,4,0x3fc;0x3f2;0x3f3;0x3fd,0,266
2026-06-02T15:52:56.951,554,3,0x3f2;0x3f3;0x3fd,0,185
2026-06-02T15:52:56.951,555,3,0x3fc;0x3f2;0x3fd,0,240
2026-06-02T15:52:56.951,556,4,0x3fc;0x3f2;0x3f3;0x3fd,0,261
2026-06-02T15:52:57.152,557,4,0x3fc;0x3f2;0x3f3;0x3fd,0,270
2026-06-02T15:52:57.152,558,4,0x3fc;0x3f2;0x3f3;0x3fd,0,279
2026-06-02T15:52:57.355,559,4,0x3fc;0x3f2;0x3f3;0x3fd,0,272
2026-06-02T15:52:57.355,560,5,0x3fc;0x3f2;0x3f3;0x3fd;0x410,1,415
2026-06-02T15:52:57.556,561,4,0x3fc;0x3f2;0x3f3;0x3fd,0,295
2026-06-02T15:52:57.556,562,4,0x3fc;0x3f2;0x3f3;0x3fd,0,266
2026-06-02T15:52:57.758,563,4,0x3fc;0x3f2;0x3f3;0x3fd,0,238
2026-06-02T15:52:57.758,564,4,0x3fc;0x3f2;0x3f3;0x3fd,0,219
2026-06-02T15:52:57.758,565,4,0x3fc;0x3f2;0x3f3;0x3fd,0,345
2026-06-02T15:52:57.959,566,4,0x3fc;0x3f2;0x3f3;0x3fd,0,273
2026-06-02T15:52:57.960,567,4,0x3fc;0x3f2;0x3f3;0x3fd,0,230
2026-06-02T15:52:58.162,568,4,0x3fc;0x3f2;0x3f3;0x3fd,0,234
2026-06-02T15:52:58.162,569,4,0x3fc;0x3f2;0x3f3;0x3fd,0,243
2026-06-02T15:52:58.367,570,4,0x3fc;0x3f2;0x3f3;0x3fd,0,252
2026-06-02T15:52:58.367,571,4,0x3fc;0x3f2;0x3f3;0x3fd,0,253
2026-06-02T15:52:58.580,572,4,0x3fc;0x3f2;0x3f3;0x3fd,0,261
2026-06-02T15:52:58.580,573,4,0x3fc;0x3f2;0x3f3;0x3fd,0,246
2026-06-02T15:52:58.580,574,4,0x3fc;0x3f2;0x3f3;0x3fd,0,308
2026-06-02T15:52:58.782,575,3,0x3f2;0x3f3;0x3fd,0,192
2026-06-02T15:52:58.782,576,3,0x3f2;0x3fd;0x410,1,316
2026-06-02T15:52:58.986,577,3,0x3fc;0x3f2;0x3fd,0,208
2026-06-02T15:52:58.986,578,4,0x3fc;0x3f2;0x3f3;0x3fd,0,257
2026-06-02T15:52:59.187,579,4,0x3fc;0x3f2;0x3f3;0x3fd,0,278
2026-06-02T15:52:59.187,580,4,0x3fc;0x3f2;0x3f3;0x3fd,0,256
2026-06-02T15:52:59.187,581,4,0x3fc;0x3f2;0x3f3;0x3fd,0,261
2026-06-02T15:52:59.389,582,4,0x3fc;0x3f2;0x3f3;0x3fd,0,262
2026-06-02T15:52:59.389,583,4,0x3fc;0x3f2;0x3f3;0x3fd,0,262
2026-06-02T15:52:59.589,584,4,0x3fc;0x3f2;0x3f3;0x3fd,0,270
2026-06-02T15:52:59.589,585,4,0x3fc;0x3f2;0x3f3;0x3fd,0,255
2026-06-02T15:52:59.790,586,4,0x3fc;0x3f2;0x3f3;0x3fd,0,269
2026-06-02T15:52:59.790,587,4,0x3fc;0x3f2;0x3f3;0x3fd,0,247
2026-06-02T15:52:59.991,588,4,0x3fc;0x3f2;0x3f3;0x3fd,0,252
2026-06-02T15:52:59.991,589,4,0x3fc;0x3f2;0x3f3;0x3fd,0,253
2026-06-02T15:52:59.991,590,4,0x3fc;0x3f2;0x3f3;0x3fd,0,245
2026-06-02T15:53:00.195,591,4,0x3fc;0x3f2;0x3f3;0x3fd,0,340
2026-06-02T15:53:00.397,592,5,0x3fc;0x3f2;0x3f3;0x3fd;0x410,1,496
2026-06-02T15:53:00.397,593,4,0x3fc;0x3f2;0x3f3;0x3fd,0,272
2026-06-02T15:53:00.397,594,4,0x3fc;0x3f2;0x3f3;0x3fd,0,270
2026-06-02T15:53:00.598,595,4,0x3fc;0x3f2;0x3f3;0x3fd,0,263
2026-06-02T15:53:00.598,596,4,0x3fc;0x3f2;0x3f3;0x3fd,0,310
2026-06-02T15:53:00.800,597,3,0x3f2;0x3f3;0x3fd,0,192
2026-06-02T15:53:00.800,598,3,0x3fc;0x3f2;0x3fd,0,264
2026-06-02T15:53:00.800,599,4,0x3fc;0x3f2;0x3f3;0x3fd,0,256
2026-06-02T15:53:01.003,600,4,0x3fc;0x3f2;0x3f3;0x3fd,0,269
2026-06-02T15:53:01.003,601,4,0x3fc;0x3f2;0x3f3;0x3fd,0,239
2026-06-02T15:53:01.205,602,4,0x3fc;0x3f2;0x3f3;0x3fd,0,219
2026-06-02T15:53:01.206,603,4,0x3fc;0x3f2;0x3f3;0x3fd,0,249
2026-06-02T15:53:01.422,604,4,0x3fc;0x3f2;0x3f3;0x3fd,0,253
2026-06-02T15:53:01.422,605,4,0x3fc;0x3f2;0x3f3;0x3fd,0,245
2026-06-02T15:53:01.625,606,4,0x3fc;0x3f2;0x3f3;0x3fd,0,260
2026-06-02T15:53:01.625,607,4,0x3fc;0x3f2;0x3f3;0x3fd,0,654
2026-06-02T15:53:01.826,608,5,0x3fc;0x3f2;0x3f3;0x3fd;0x410,1,847
2026-06-02T15:53:01.826,609,4,0x3fc;0x3f2;0x3f3;0x3fd,0,287
2026-06-02T15:53:01.826,610,4,0x3fc;0x3f2;0x3f3;0x3fd,0,251
2026-06-02T15:53:02.029,611,4,0x3fc;0x3f2;0x3f3;0x3fd,0,253
2026-06-02T15:53:02.029,612,4,0x3fc;0x3f2;0x3f3;0x3fd,0,269
2026-06-02T15:53:02.230,613,4,0x3fc;0x3f2;0x3f3;0x3fd,0,239
2026-06-02T15:53:02.230,614,4,0x3fc;0x3f2;0x3f3;0x3fd,0,243
2026-06-02T15:53:02.432,615,4,0x3fc;0x3f2;0x3f3;0x3fd,0,252
2026-06-02T15:53:02.432,616,4,0x3fc;0x3f2;0x3f3;0x3fd,0,645
2026-06-02T15:53:02.432,617,4,0x3fc;0x3f2;0x3f3;0x3fd,0,966
2026-06-02T15:53:02.635,618,4,0x3fc;0x3f2;0x3f3;0x3fd,0,336
2026-06-02T15:53:02.635,619,4,0x3fc;0x3f2;0x3f3;0x3fd,0,1325
2026-06-02T15:53:02.836,620,4,0x3fc;0x3f2;0x3f3;0x3fd,0,1083
2026-06-02T15:53:02.836,621,4,0x3fc;0x3f2;0x3f3;0x3fd,0,1428
2026-06-02T15:53:03.038,622,4,0x3fc;0x3f2;0x3f3;0x3fd,0,1405
2026-06-02T15:53:03.038,623,4,0x3fc;0x3f2;0x3f3;0x3fd,0,836
2026-06-02T15:53:03.242,626,4,0x3fc;0x3f2;0x3f3;0x3fd,0,678
2026-06-02T15:53:03.443,627,4,0x3fc;0x3f2;0x3f3;0x3fd,0,478
2026-06-02T15:53:03.444,628,4,0x3fc;0x3f2;0x3f3;0x3fd,0,803
2026-06-02T15:53:03.646,629,4,0x3fc;0x3f2;0x3f3;0x3fd,0,375
2026-06-02T15:53:03.646,630,4,0x3fc;0x3f2;0x3f3;0x3fd,0,244
2026-06-02T15:53:03.849,631,4,0x3fc;0x3f2;0x3f3;0x3fd,0,619
2026-06-02T15:53:03.849,632,4,0x3fc;0x3f2;0x3f3;0x3fd,0,499
2026-06-02T15:53:04.062,633,4,0x3fc;0x3f2;0x3f3;0x3fd,0,382
2026-06-02T15:53:04.062,634,4,0x3fc;0x3f2;0x3f3;0x3fd,0,250
2026-06-02T15:53:04.062,635,4,0x3fc;0x3f2;0x3f3;0x3fd,0,243
2026-06-02T15:53:04.264,636,4,0x3fc;0x3f2;0x3f3;0x3fd,0,236
2026-06-02T15:53:04.264,637,4,0x3fc;0x3f2;0x3f3;0x3fd,0,227
2026-06-02T15:53:04.467,638,4,0x3fc;0x3f2;0x3f3;0x3fd,0,234
2026-06-02T15:53:04.467,639,3,0x3f2;0x3f3;0x3fd,0,183
2026-06-02T15:53:04.680,640,3,0x3f2;0x3fd;0x410,1,316
2026-06-02T15:53:04.681,641,3,0x3fc;0x3f2;0x3fd,0,688
2026-06-02T15:53:04.681,642,4,0x3fc;0x3f2;0x3f3;0x3fd,0,813
2026-06-02T15:53:04.882,643,4,0x3fc;0x3f2;0x3f3;0x3fd,0,1116
2026-06-02T15:53:04.883,644,4,0x3fc;0x3f2;0x3f3;0x3fd,0,881
2026-06-02T15:53:05.100,645,4,0x3fc;0x3f2;0x3f3;0x3fd,0,767
2026-06-02T15:53:05.103,646,4,0x3fc;0x3f2;0x3f3;0x3fd,0,605
2026-06-02T15:53:05.317,647,4,0x3fc;0x3f2;0x3f3;0x3fd,0,298
2026-06-02T15:53:05.318,648,4,0x3fc;0x3f2;0x3f3;0x3fd,0,798
2026-06-02T15:53:05.318,649,4,0x3fc;0x3f2;0x3f3;0x3fd,0,561
2026-06-02T15:53:05.532,650,4,0x3fc;0x3f2;0x3f3;0x3fd,0,675
2026-06-02T15:53:05.532,651,4,0x3fc;0x3f2;0x3f3;0x3fd,0,310
2026-06-02T15:53:05.748,652,4,0x3fc;0x3f2;0x3f3;0x3fd,0,262
2026-06-02T15:53:05.748,653,4,0x3fc;0x3f2;0x3f3;0x3fd,0,270
2026-06-02T15:53:05.952,654,4,0x3fc;0x3f2;0x3f3;0x3fd,0,271
2026-06-02T15:53:05.952,655,4,0x3fc;0x3f2;0x3f3;0x3fd,0,263
2026-06-02T15:53:06.153,656,5,0x3fc;0x3f2;0x3f3;0x3fd;0x410,1,406
2026-06-02T15:53:06.153,657,4,0x3fc;0x3f2;0x3f3;0x3fd,0,254
2026-06-02T15:53:06.153,658,4,0x3fc;0x3f2;0x3f3;0x3fd,0,253
2026-06-02T15:53:06.355,659,4,0x3fc;0x3f2;0x3f3;0x3fd,0,245
2026-06-02T15:53:06.355,660,4,0x3fc;0x3f2;0x3f3;0x3fd,0,228
2026-06-02T15:53:06.570,661,3,0x3f2;0x3f3;0x3fd,0,182
2026-06-02T15:53:06.571,662,3,0x3fc;0x3f2;0x3fd,0,216
2026-06-02T15:53:06.571,663,4,0x3fc;0x3f2;0x3f3;0x3fd,0,234
2026-06-02T15:53:06.773,664,4,0x3fc;0x3f2;0x3f3;0x3fd,0,283
2026-06-02T15:53:06.773,665,4,0x3fc;0x3f2;0x3f3;0x3fd,0,273
2026-06-02T15:53:06.975,666,4,0x3fc;0x3f2;0x3f3;0x3fd,0,239
2026-06-02T15:53:06.975,667,4,0x3fc;0x3f2;0x3f3;0x3fd,0,219
2026-06-02T15:53:07.176,668,4,0x3fc;0x3f2;0x3f3;0x3fd,0,545
2026-06-02T15:53:07.176,669,4,0x3fc;0x3f2;0x3f3;0x3fd,0,282
2026-06-02T15:53:07.377,670,4,0x3fc;0x3f2;0x3f3;0x3fd,0,236
2026-06-02T15:53:07.377,671,4,0x3fc;0x3f2;0x3f3;0x3fd,0,291
2026-06-02T15:53:07.589,672,5,0x3fc;0x3f2;0x3f3;0x3fd;0x410,1,442
2026-06-02T15:53:07.589,673,4,0x3fc;0x3f2;0x3f3;0x3fd,0,242
2026-06-02T15:53:07.589,674,4,0x3fc;0x3f2;0x3f3;0x3fd,0,283
2026-06-02T15:53:07.792,675,4,0x3fc;0x3f2;0x3f3;0x3fd,0,257
2026-06-02T15:53:07.792,676,4,0x3fc;0x3f2;0x3f3;0x3fd,0,477
2026-06-02T15:53:08.007,677,4,0x3fc;0x3f2;0x3f3;0x3fd,0,257
2026-06-02T15:53:08.007,678,4,0x3fc;0x3f2;0x3f3;0x3fd,0,234
2026-06-02T15:53:08.007,679,4,0x3fc;0x3f2;0x3f3;0x3fd,0,243
2026-06-02T15:53:08.208,680,4,0x3fc;0x3f2;0x3f3;0x3fd,0,236
2026-06-02T15:53:08.208,681,4,0x3fc;0x3f2;0x3f3;0x3fd,0,235
2026-06-02T15:53:08.410,682,3,0x3f2;0x3f3;0x3fd,0,183
2026-06-02T15:53:08.411,683,3,0x3fc;0x3f2;0x3fd,0,248
2026-06-02T15:53:08.626,684,4,0x3fc;0x3f2;0x3f3;0x3fd,0,318
2026-06-02T15:53:08.626,685,4,0x3fc;0x3f2;0x3f3;0x3fd,0,301
2026-06-02T15:53:08.827,686,4,0x3fc;0x3f2;0x3f3;0x3fd,0,266
2026-06-02T15:53:08.827,687,4,0x3fc;0x3f2;0x3f3;0x3fd,0,246
2026-06-02T15:53:09.031,688,5,0x3fc;0x3f2;0x3f3;0x3fd;0x410,1,388
2026-06-02T15:53:09.031,689,4,0x3fc;0x3f2;0x3f3;0x3fd,0,260
2026-06-02T15:53:09.031,690,4,0x3fc;0x3f2;0x3f3;0x3fd,0,254
2026-06-02T15:53:09.234,691,4,0x3fc;0x3f2;0x3f3;0x3fd,0,261
2026-06-02T15:53:09.234,692,4,0x3fc;0x3f2;0x3f3;0x3fd,0,270
2026-06-02T15:53:09.434,693,4,0x3fc;0x3f2;0x3f3;0x3fd,0,223
2026-06-02T15:53:09.434,694,4,0x3fc;0x3f2;0x3f3;0x3fd,0,257
2026-06-02T15:53:09.639,695,4,0x3fc;0x3f2;0x3f3;0x3fd,0,254
2026-06-02T15:53:09.640,696,4,0x3fc;0x3f2;0x3f3;0x3fd,0,237
2026-06-02T15:53:09.640,697,4,0x3fc;0x3f2;0x3f3;0x3fd,0,259
2026-06-02T15:53:09.855,698,4,0x3fc;0x3f2;0x3f3;0x3fd,0,326
2026-06-02T15:53:09.855,699,4,0x3fc;0x3f2;0x3f3;0x3fd,0,246
2026-06-02T15:53:10.058,700,4,0x3fc;0x3f2;0x3f3;0x3fd,0,227
2026-06-02T15:53:10.059,701,4,0x3fc;0x3f2;0x3f3;0x3fd,0,226
2026-06-02T15:53:10.260,702,4,0x3fc;0x3f2;0x3f3;0x3fd,0,234
2026-06-02T15:53:10.260,703,3,0x3f2;0x3f3;0x3fd,0,183
2026-06-02T15:53:10.462,704,3,0x3f2;0x3fd;0x410,1,316
2026-06-02T15:53:10.462,705,3,0x3fc;0x3f2;0x3fd,0,232
2026-06-02T15:53:10.462,706,4,0x3fc;0x3f2;0x3f3;0x3fd,0,236
2026-06-02T15:53:10.665,707,4,0x3fc;0x3f2;0x3f3;0x3fd,0,243
2026-06-02T15:53:10.665,708,4,0x3fc;0x3f2;0x3f3;0x3fd,0,228
2026-06-02T15:53:10.866,709,4,0x3fc;0x3f2;0x3f3;0x3fd,0,226
2026-06-02T15:53:10.866,710,4,0x3fc;0x3f2;0x3f3;0x3fd,0,322
2026-06-02T15:53:11.068,711,4,0x3fc;0x3f2;0x3f3;0x3fd,0,462
2026-06-02T15:53:11.068,712,3,0x3f2;0x3f3;0x3fd,0,210
2026-06-02T15:53:11.068,713,3,0x3fc;0x3f2;0x3fd,0,488
2026-06-02T15:53:11.269,714,4,0x3fc;0x3f2;0x3f3;0x3fd,0,484
2026-06-02T15:53:11.269,715,3,0x3f2;0x3f3;0x3fd,0,210
2026-06-02T15:53:11.472,716,3,0x3fc;0x3f2;0x3fd,0,384
2026-06-02T15:53:11.472,717,4,0x3fc;0x3f2;0x3f3;0x3fd,0,287
2026-06-02T15:53:11.673,718,4,0x3fc;0x3f2;0x3f3;0x3fd,0,247
2026-06-02T15:53:11.673,719,4,0x3fc;0x3f2;0x3f3;0x3fd,0,228
2026-06-02T15:53:11.887,720,5,0x3fc;0x3f2;0x3f3;0x3fd;0x410,1,370
2026-06-02T15:53:11.887,721,4,0x3fc;0x3f2;0x3f3;0x3fd,0,562
2026-06-02T15:53:11.887,722,4,0x3fc;0x3f2;0x3f3;0x3fd,0,268
2026-06-02T15:53:12.089,723,4,0x3fc;0x3f2;0x3f3;0x3fd,0,226
2026-06-02T15:53:12.089,724,4,0x3fc;0x3f2;0x3f3;0x3fd,0,234
2026-06-02T15:53:12.294,725,4,0x3fc;0x3f2;0x3f3;0x3fd,0,275
2026-06-02T15:53:12.294,726,4,0x3fc;0x3f2;0x3f3;0x3fd,0,240
2026-06-02T15:53:12.496,727,4,0x3fc;0x3f2;0x3f3;0x3fd,0,235
2026-06-02T15:53:12.496,728,4,0x3fc;0x3f2;0x3f3;0x3fd,0,235
2026-06-02T15:53:12.701,729,4,0x3fc;0x3f2;0x3f3;0x3fd,0,315
2026-06-02T15:53:12.702,730,4,0x3fc;0x3f2;0x3f3;0x3fd,0,237
2026-06-02T15:53:12.702,731,4,0x3fc;0x3f2;0x3f3;0x3fd,0,250
2026-06-02T15:53:12.913,732,4,0x3fc;0x3f2;0x3f3;0x3fd,0,253
2026-06-02T15:53:12.913,733,4,0x3fc;0x3f2;0x3f3;0x3fd,0,237
2026-06-02T15:53:13.115,734,4,0x3fc;0x3f2;0x3f3;0x3fd,0,235
2026-06-02T15:53:13.115,735,4,0x3fc;0x3f2;0x3f3;0x3fd,0,451
2026-06-02T15:53:13.318,736,5,0x3fc;0x3f2;0x3f3;0x3fd;0x410,1,622
2026-06-02T15:53:13.318,737,4,0x3fc;0x3f2;0x3f3;0x3fd,0,262
2026-06-02T15:53:13.318,738,4,0x3fc;0x3f2;0x3f3;0x3fd,0,235
2026-06-02T15:53:13.519,739,4,0x3fc;0x3f2;0x3f3;0x3fd,0,259
2026-06-02T15:53:13.519,740,4,0x3fc;0x3f2;0x3f3;0x3fd,0,262
2026-06-02T15:53:13.722,741,4,0x3fc;0x3f2;0x3f3;0x3fd,0,254
2026-06-02T15:53:13.722,742,4,0x3fc;0x3f2;0x3f3;0x3fd,0,261
2026-06-02T15:53:13.924,743,4,0x3fc;0x3f2;0x3f3;0x3fd,0,246
2026-06-02T15:53:13.924,744,4,0x3fc;0x3f2;0x3f3;0x3fd,0,244
2026-06-02T15:53:14.140,745,4,0x3fc;0x3f2;0x3f3;0x3fd,0,260
2026-06-02T15:53:14.140,746,4,0x3fc;0x3f2;0x3f3;0x3fd,0,790
2026-06-02T15:53:14.140,747,4,0x3fc;0x3f2;0x3f3;0x3fd,0,352
2026-06-02T15:53:14.342,748,4,0x3fc;0x3f2;0x3f3;0x3fd,0,321
2026-06-02T15:53:14.342,749,4,0x3fc;0x3f2;0x3f3;0x3fd,0,269
2026-06-02T15:53:14.544,750,4,0x3fc;0x3f2;0x3f3;0x3fd,0,246
2026-06-02T15:53:14.544,751,4,0x3fc;0x3f2;0x3f3;0x3fd,0,244
2026-06-02T15:53:14.746,752,5,0x3fc;0x3f2;0x3f3;0x3fd;0x410,1,388
2026-06-02T15:53:14.746,753,4,0x3fc;0x3f2;0x3f3;0x3fd,0,244
2026-06-02T15:53:14.960,754,4,0x3fc;0x3f2;0x3f3;0x3fd,0,244
2026-06-02T15:53:14.960,755,4,0x3fc;0x3f2;0x3f3;0x3fd,0,300
2026-06-02T15:53:14.960,756,4,0x3fc;0x3f2;0x3f3;0x3fd,0,243
2026-06-02T15:53:15.161,757,4,0x3fc;0x3f2;0x3f3;0x3fd,0,219
2026-06-02T15:53:15.161,758,4,0x3fc;0x3f2;0x3f3;0x3fd,0,257
2026-06-02T15:53:15.363,759,4,0x3fc;0x3f2;0x3f3;0x3fd,0,222
2026-06-02T15:53:15.363,760,4,0x3fc;0x3f2;0x3f3;0x3fd,0,553
2026-06-02T15:53:15.566,761,4,0x3fc;0x3f2;0x3f3;0x3fd,0,291
2026-06-02T15:53:15.566,762,4,0x3fc;0x3f2;0x3f3;0x3fd,0,397
2026-06-02T15:53:15.566,763,4,0x3fc;0x3f2;0x3f3;0x3fd,0,367
2026-06-02T15:53:15.766,764,4,0x3fc;0x3f2;0x3f3;0x3fd,0,233
2026-06-02T15:53:15.766,765,4,0x3fc;0x3f2;0x3f3;0x3fd,0,217
2026-06-02T15:53:15.970,766,4,0x3fc;0x3f2;0x3f3;0x3fd,0,321
2026-06-02T15:53:15.970,767,3,0x3f2;0x3f3;0x3fd,0,194
2026-06-02T15:53:16.170,768,3,0x3f2;0x3fd;0x410,1,316
2026-06-02T15:53:16.171,769,3,0x3fc;0x3f2;0x3fd,0,216
2026-06-02T15:53:16.373,770,4,0x3fc;0x3f2;0x3f3;0x3fd,0,338
2026-06-02T15:53:16.373,771,4,0x3fc;0x3f2;0x3f3;0x3fd,0,256
2026-06-02T15:53:16.374,772,4,0x3fc;0x3f2;0x3f3;0x3fd,0,220
2026-06-02T15:53:16.575,773,4,0x3fc;0x3f2;0x3f3;0x3fd,0,241
2026-06-02T15:53:16.575,774,4,0x3fc;0x3f2;0x3f3;0x3fd,0,236
2026-06-02T15:53:16.791,775,4,0x3fc;0x3f2;0x3f3;0x3fd,0,235
2026-06-02T15:53:16.791,776,4,0x3fc;0x3f2;0x3f3;0x3fd,0,251
2026-06-02T15:53:16.992,777,4,0x3fc;0x3f2;0x3f3;0x3fd,0,237
2026-06-02T15:53:16.992,778,3,0x3f2;0x3f3;0x3fd,0,183
2026-06-02T15:53:17.193,779,3,0x3fc;0x3f2;0x3fd,0,232
2026-06-02T15:53:17.193,780,4,0x3fc;0x3f2;0x3f3;0x3fd,0,244
2026-06-02T15:53:17.193,781,4,0x3fc;0x3f2;0x3f3;0x3fd,0,356
2026-06-02T15:53:17.395,782,4,0x3fc;0x3f2;0x3f3;0x3fd,0,258
2026-06-02T15:53:17.395,783,4,0x3fc;0x3f2;0x3f3;0x3fd,0,292
2026-06-02T15:53:17.607,784,5,0x3fc;0x3f2;0x3f3;0x3fd;0x410,1,442
2026-06-02T15:53:17.607,785,4,0x3fc;0x3f2;0x3f3;0x3fd,0,250
2026-06-02T15:53:17.809,786,4,0x3fc;0x3f2;0x3f3;0x3fd,0,252
2026-06-02T15:53:17.809,787,4,0x3fc;0x3f2;0x3f3;0x3fd,0,253
2026-06-02T15:53:18.012,788,4,0x3fc;0x3f2;0x3f3;0x3fd,0,253
2026-06-02T15:53:18.012,789,3,0x3f2;0x3f3;0x3fd,0,185
2026-06-02T15:53:18.012,790,3,0x3fc;0x3f2;0x3fd,0,248
2026-06-02T15:53:18.215,791,4,0x3fc;0x3f2;0x3f3;0x3fd,0,246
2026-06-02T15:53:18.215,792,4,0x3fc;0x3f2;0x3f3;0x3fd,0,260
2026-06-02T15:53:18.417,793,4,0x3fc;0x3f2;0x3f3;0x3fd,0,262
2026-06-02T15:53:18.417,794,4,0x3fc;0x3f2;0x3f3;0x3fd,0,262
2026-06-02T15:53:18.619,795,4,0x3fc;0x3f2;0x3f3;0x3fd,0,254
2026-06-02T15:53:18.619,796,4,0x3fc;0x3f2;0x3f3;0x3fd,0,253
2026-06-02T15:53:18.619,797,4,0x3fc;0x3f2;0x3f3;0x3fd,0,245
2026-06-02T15:53:18.820,798,4,0x3fc;0x3f2;0x3f3;0x3fd,0,244
2026-06-02T15:53:18.820,799,3,0x3f2;0x3f3;0x3fd,0,184
2026-06-02T15:53:19.021,800,3,0x3f2;0x3fd;0x410,1,316
2026-06-02T15:53:19.022,801,3,0x3fc;0x3f2;0x3fd,0,224
2026-06-02T15:53:19.226,802,4,0x3fc;0x3f2;0x3f3;0x3fd,0,251
2026-06-02T15:53:19.226,803,4,0x3fc;0x3f2;0x3f3;0x3fd,0,245
2026-06-02T15:53:19.430,804,4,0x3fc;0x3f2;0x3f3;0x3fd,0,236
2026-06-02T15:53:19.430,805,4,0x3fc;0x3f2;0x3f3;0x3fd,0,235
2026-06-02T15:53:19.430,806,4,0x3fc;0x3f2;0x3f3;0x3fd,0,235
2026-06-02T15:53:19.634,807,4,0x3fc;0x3f2;0x3f3;0x3fd,0,251
2026-06-02T15:53:19.634,808,4,0x3fc;0x3f2;0x3f3;0x3fd,0,493
2026-06-02T15:53:19.836,809,4,0x3fc;0x3f2;0x3f3;0x3fd,0,403
2026-06-02T15:53:19.836,810,4,0x3fc;0x3f2;0x3f3;0x3fd,0,540
2026-06-02T15:53:20.039,811,4,0x3fc;0x3f2;0x3f3;0x3fd,0,287
2026-06-02T15:53:20.039,812,4,0x3fc;0x3f2;0x3f3;0x3fd,0,245
2026-06-02T15:53:20.242,813,4,0x3fc;0x3f2;0x3f3;0x3fd,0,252
2026-06-02T15:53:20.242,814,4,0x3fc;0x3f2;0x3f3;0x3fd,0,245
2026-06-02T15:53:20.242,815,4,0x3fc;0x3f2;0x3f3;0x3fd,0,268
2026-06-02T15:53:20.446,816,5,0x3fc;0x3f2;0x3f3;0x3fd;0x410,1,415
2026-06-02T15:53:20.447,817,4,0x3fc;0x3f2;0x3f3;0x3fd,0,247
2026-06-02T15:53:20.648,818,4,0x3fc;0x3f2;0x3f3;0x3fd,0,252
2026-06-02T15:53:20.648,819,4,0x3fc;0x3f2;0x3f3;0x3fd,0,245
2026-06-02T15:53:20.851,820,4,0x3fc;0x3f2;0x3f3;0x3fd,0,260
2026-06-02T15:53:20.851,821,4,0x3fc;0x3f2;0x3f3;0x3fd,0,238
2026-06-02T15:53:21.054,822,4,0x3fc;0x3f2;0x3f3;0x3fd,0,251
2026-06-02T15:53:21.054,823,4,0x3fc;0x3f2;0x3f3;0x3fd,0,253
2026-06-02T15:53:21.054,824,4,0x3fc;0x3f2;0x3f3;0x3fd,0,261
2026-06-02T15:53:21.269,825,4,0x3fc;0x3f2;0x3f3;0x3fd,0,262
2026-06-02T15:53:21.269,826,4,0x3fc;0x3f2;0x3f3;0x3fd,0,270
2026-06-02T15:53:21.470,827,4,0x3fc;0x3f2;0x3f3;0x3fd,0,255
2026-06-02T15:53:21.470,828,4,0x3fc;0x3f2;0x3f3;0x3fd,0,245
2026-06-02T15:53:21.684,829,4,0x3fc;0x3f2;0x3f3;0x3fd,0,244
2026-06-02T15:53:21.684,830,4,0x3fc;0x3f2;0x3f3;0x3fd,0,244
2026-06-02T15:53:21.684,831,3,0x3f2;0x3f3;0x3fd,0,184
2026-06-02T15:53:21.886,832,3,0x3f2;0x3fd;0x410,1,316
2026-06-02T15:53:21.886,833,3,0x3fc;0x3f2;0x3fd,0,240
2026-06-02T15:53:22.087,834,4,0x3fc;0x3f2;0x3f3;0x3fd,0,269
2026-06-02T15:53:22.087,835,4,0x3fc;0x3f2;0x3f3;0x3fd,0,255
2026-06-02T15:53:22.291,836,4,0x3fc;0x3f2;0x3f3;0x3fd,0,245
2026-06-02T15:53:22.291,837,4,0x3fc;0x3f2;0x3f3;0x3fd,0,236
2026-06-02T15:53:22.492,838,4,0x3fc;0x3f2;0x3f3;0x3fd,0,227
2026-06-02T15:53:22.492,839,4,0x3fc;0x3f2;0x3f3;0x3fd,0,226
2026-06-02T15:53:22.492,840,4,0x3fc;0x3f2;0x3f3;0x3fd,0,226
2026-06-02T15:53:22.694,841,4,0x3fc;0x3f2;0x3f3;0x3fd,0,226
2026-06-02T15:53:22.694,842,4,0x3fc;0x3f2;0x3f3;0x3fd,0,234
2026-06-02T15:53:22.895,843,4,0x3fc;0x3f2;0x3f3;0x3fd,0,243
2026-06-02T15:53:22.895,844,4,0x3fc;0x3f2;0x3f3;0x3fd,0,244
2026-06-02T15:53:23.111,845,4,0x3fc;0x3f2;0x3f3;0x3fd,0,260
2026-06-02T15:53:23.112,846,4,0x3fc;0x3f2;0x3f3;0x3fd,0,262
2026-06-02T15:53:23.314,847,4,0x3fc;0x3f2;0x3f3;0x3fd,0,286
2026-06-02T15:53:23.314,848,5,0x3fc;0x3f2;0x3f3;0x3fd;0x410,1,433
2026-06-02T15:53:23.314,849,4,0x3fc;0x3f2;0x3f3;0x3fd,0,249
2026-06-02T15:53:23.516,850,4,0x3fc;0x3f2;0x3f3;0x3fd,0,244
2026-06-02T15:53:23.516,851,4,0x3fc;0x3f2;0x3f3;0x3fd,0,236
2026-06-02T15:53:23.717,852,4,0x3fc;0x3f2;0x3f3;0x3fd,0,243
2026-06-02T15:53:23.718,853,4,0x3fc;0x3f2;0x3f3;0x3fd,0,228
2026-06-02T15:53:23.922,854,4,0x3fc;0x3f2;0x3f3;0x3fd,0,250
2026-06-02T15:53:23.922,855,4,0x3fc;0x3f2;0x3f3;0x3fd,0,237
2026-06-02T15:53:24.137,856,4,0x3fc;0x3f2;0x3f3;0x3fd,0,259
2026-06-02T15:53:24.137,857,4,0x3fc;0x3f2;0x3f3;0x3fd,0,254
2026-06-02T15:53:24.137,858,4,0x3fc;0x3f2;0x3f3;0x3fd,0,261
2026-06-02T15:53:24.339,859,4,0x3fc;0x3f2;0x3f3;0x3fd,0,270
2026-06-02T15:53:24.339,860,4,0x3fc;0x3f2;0x3f3;0x3fd,0,255
2026-06-02T15:53:24.542,861,4,0x3fc;0x3f2;0x3f3;0x3fd,0,245
2026-06-02T15:53:24.542,862,4,0x3fc;0x3f2;0x3f3;0x3fd,0,268
2026-06-02T15:53:24.747,863,4,0x3fc;0x3f2;0x3f3;0x3fd,0,359
2026-06-02T15:53:24.747,864,5,0x3fc;0x3f2;0x3f3;0x3fd;0x410,1,514
2026-06-02T15:53:24.747,865,4,0x3fc;0x3f2;0x3f3;0x3fd,0,426
2026-06-02T15:53:24.949,866,4,0x3fc;0x3f2;0x3f3;0x3fd,0,393
2026-06-02T15:53:24.949,867,4,0x3fc;0x3f2;0x3f3;0x3fd,0,380
2026-06-02T15:53:25.151,868,4,0x3fc;0x3f2;0x3f3;0x3fd,0,251
2026-06-02T15:53:25.151,869,4,0x3fc;0x3f2;0x3f3;0x3fd,0,235
2026-06-02T15:53:25.354,870,4,0x3fc;0x3f2;0x3f3;0x3fd,0,307
2026-06-02T15:53:25.354,871,4,0x3fc;0x3f2;0x3f3;0x3fd,0,268
2026-06-02T15:53:25.555,872,4,0x3fc;0x3f2;0x3f3;0x3fd,0,238
2026-06-02T15:53:25.555,873,4,0x3fc;0x3f2;0x3f3;0x3fd,0,347
2026-06-02T15:53:25.757,874,4,0x3fc;0x3f2;0x3f3;0x3fd,0,265
2026-06-02T15:53:25.757,875,4,0x3fc;0x3f2;0x3f3;0x3fd,0,237
2026-06-02T15:53:25.757,876,4,0x3fc;0x3f2;0x3f3;0x3fd,0,243
2026-06-02T15:53:25.970,877,4,0x3fc;0x3f2;0x3f3;0x3fd,0,236
2026-06-02T15:53:25.970,878,4,0x3fc;0x3f2;0x3f3;0x3fd,0,299
2026-06-02T15:53:26.172,879,4,0x3fc;0x3f2;0x3f3;0x3fd,0,243
2026-06-02T15:53:26.172,880,5,0x3fc;0x3f2;0x3f3;0x3fd;0x410,1,379
2026-06-02T15:53:26.388,881,4,0x3fc;0x3f2;0x3f3;0x3fd,0,483
2026-06-02T15:53:26.388,882,4,0x3fc;0x3f2;0x3f3;0x3fd,0,826
2026-06-02T15:53:26.388,883,4,0x3fc;0x3f2;0x3f3;0x3fd,0,353
2026-06-02T15:53:26.591,884,4,0x3fc;0x3f2;0x3f3;0x3fd,0,225
2026-06-02T15:53:26.591,885,4,0x3fc;0x3f2;0x3f3;0x3fd,0,289
2026-06-02T15:53:26.795,886,4,0x3fc;0x3f2;0x3f3;0x3fd,0,234
2026-06-02T15:53:26.795,887,4,0x3fc;0x3f2;0x3f3;0x3fd,0,218
2026-06-02T15:53:26.997,888,4,0x3fc;0x3f2;0x3f3;0x3fd,0,545
2026-06-02T15:53:26.997,889,4,0x3fc;0x3f2;0x3f3;0x3fd,0,402
2026-06-02T15:53:26.997,890,4,0x3fc;0x3f2;0x3f3;0x3fd,0,267
2026-06-02T15:53:27.199,891,4,0x3fc;0x3f2;0x3f3;0x3fd,0,341
2026-06-02T15:53:27.199,892,4,0x3fc;0x3f2;0x3f3;0x3fd,0,264
2026-06-02T15:53:27.400,893,4,0x3fc;0x3f2;0x3f3;0x3fd,0,501
2026-06-02T15:53:27.400,894,4,0x3fc;0x3f2;0x3f3;0x3fd,0,404
2026-06-02T15:53:27.604,895,4,0x3fc;0x3f2;0x3f3;0x3fd,0,276
2026-06-02T15:53:27.604,896,5,0x3fc;0x3f2;0x3f3;0x3fd;0x410,1,406
2026-06-02T15:53:27.805,897,4,0x3fc;0x3f2;0x3f3;0x3fd,0,246
2026-06-02T15:53:27.805,898,4,0x3fc;0x3f2;0x3f3;0x3fd,0,420
2026-06-02T15:53:27.805,899,4,0x3fc;0x3f2;0x3f3;0x3fd,0,266
2026-06-02T15:53:28.007,900,4,0x3fc;0x3f2;0x3f3;0x3fd,0,636
2026-06-02T15:53:28.007,901,4,0x3fc;0x3f2;0x3f3;0x3fd,0,309
2026-06-02T15:53:28.211,902,4,0x3fc;0x3f2;0x3f3;0x3fd,0,326
2026-06-02T15:53:28.211,903,4,0x3fc;0x3f2;0x3f3;0x3fd,0,438
2026-06-02T15:53:28.414,904,4,0x3fc;0x3f2;0x3f3;0x3fd,0,491
2026-06-02T15:53:28.414,905,4,0x3fc;0x3f2;0x3f3;0x3fd,0,976
2026-06-02T15:53:28.617,906,4,0x3fc;0x3f2;0x3f3;0x3fd,0,396
2026-06-02T15:53:28.617,907,4,0x3fc;0x3f2;0x3f3;0x3fd,0,508
2026-06-02T15:53:28.617,908,4,0x3fc;0x3f2;0x3f3;0x3fd,0,588
2026-06-02T15:53:28.819,909,4,0x3fc;0x3f2;0x3f3;0x3fd,0,315
2026-06-02T15:53:28.820,910,4,0x3fc;0x3f2;0x3f3;0x3fd,0,240
2026-06-02T15:53:29.021,911,4,0x3fc;0x3f2;0x3f3;0x3fd,0,235
2026-06-02T15:53:29.021,912,5,0x3fc;0x3f2;0x3f3;0x3fd;0x410,1,379
2026-06-02T15:53:29.224,913,4,0x3fc;0x3f2;0x3f3;0x3fd,0,491
2026-06-02T15:53:29.224,914,4,0x3fc;0x3f2;0x3f3;0x3fd,0,707
2026-06-02T15:53:29.427,915,4,0x3fc;0x3f2;0x3f3;0x3fd,0,450
2026-06-02T15:53:29.427,916,4,0x3fc;0x3f2;0x3f3;0x3fd,0,359
2026-06-02T15:53:29.631,917,4,0x3fc;0x3f2;0x3f3;0x3fd,0,248
2026-06-02T15:53:29.631,918,4,0x3fc;0x3f2;0x3f3;0x3fd,0,259
2026-06-02T15:53:29.631,919,4,0x3fc;0x3f2;0x3f3;0x3fd,0,254
2026-06-02T15:53:29.835,920,4,0x3fc;0x3f2;0x3f3;0x3fd,0,285
2026-06-02T15:53:29.837,921,4,0x3fc;0x3f2;0x3f3;0x3fd,0,257
2026-06-02T15:53:30.051,922,4,0x3fc;0x3f2;0x3f3;0x3fd,0,245
2026-06-02T15:53:30.051,923,4,0x3fc;0x3f2;0x3f3;0x3fd,0,244
2026-06-02T15:53:30.051,924,4,0x3fc;0x3f2;0x3f3;0x3fd,0,244
2026-06-02T15:53:30.254,925,4,0x3fc;0x3f2;0x3f3;0x3fd,0,244
2026-06-02T15:53:30.254,926,4,0x3fc;0x3f2;0x3f3;0x3fd,0,244
2026-06-02T15:53:30.456,927,4,0x3fc;0x3f2;0x3f3;0x3fd,0,236
2026-06-02T15:53:30.456,928,5,0x3fc;0x3f2;0x3f3;0x3fd;0x410,1,379
2026-06-02T15:53:30.659,929,4,0x3fc;0x3f2;0x3f3;0x3fd,0,259
2026-06-02T15:53:30.659,930,4,0x3fc;0x3f2;0x3f3;0x3fd,0,246
2026-06-02T15:53:30.862,931,4,0x3fc;0x3f2;0x3f3;0x3fd,0,252
2026-06-02T15:53:30.862,932,4,0x3fc;0x3f2;0x3f3;0x3fd,0,261
2026-06-02T15:53:30.862,933,4,0x3fc;0x3f2;0x3f3;0x3fd,0,262
2026-06-02T15:53:31.063,934,4,0x3fc;0x3f2;0x3f3;0x3fd,0,254
2026-06-02T15:53:31.063,935,4,0x3fc;0x3f2;0x3f3;0x3fd,0,261
2026-06-02T15:53:31.264,936,4,0x3fc;0x3f2;0x3f3;0x3fd,0,246
2026-06-02T15:53:31.264,937,4,0x3fc;0x3f2;0x3f3;0x3fd,0,244
2026-06-02T15:53:31.468,938,3,0x3f2;0x3f3;0x3fd,0,184
2026-06-02T15:53:31.468,939,3,0x3fc;0x3f2;0x3fd,0,256
2026-06-02T15:53:31.672,940,4,0x3fc;0x3f2;0x3f3;0x3fd,0,247
2026-06-02T15:53:31.672,941,4,0x3fc;0x3f2;0x3f3;0x3fd,0,236
2026-06-02T15:53:31.672,942,4,0x3fc;0x3f2;0x3f3;0x3fd,0,243
2026-06-02T15:53:31.885,943,4,0x3fc;0x3f2;0x3f3;0x3fd,0,244
2026-06-02T15:53:32.087,944,5,0x3fc;0x3f2;0x3f3;0x3fd;0x410,1,388
2026-06-02T15:53:32.087,945,4,0x3fc;0x3f2;0x3f3;0x3fd,0,244
2026-06-02T15:53:32.087,946,4,0x3fc;0x3f2;0x3f3;0x3fd,0,244
2026-06-02T15:53:32.287,947,4,0x3fc;0x3f2;0x3f3;0x3fd,0,244
2026-06-02T15:53:32.287,948,4,0x3fc;0x3f2;0x3f3;0x3fd,0,236
2026-06-02T15:53:32.490,949,4,0x3fc;0x3f2;0x3f3;0x3fd,0,459
2026-06-02T15:53:32.490,950,4,0x3fc;0x3f2;0x3f3;0x3fd,0,279
2026-06-02T15:53:32.490,951,4,0x3fc;0x3f2;0x3f3;0x3fd,0,261
2026-06-02T15:53:32.693,952,4,0x3fc;0x3f2;0x3f3;0x3fd,0,262
2026-06-02T15:53:32.693,953,4,0x3fc;0x3f2;0x3f3;0x3fd,0,254
2026-06-02T15:53:32.894,954,4,0x3fc;0x3f2;0x3f3;0x3fd,0,253
2026-06-02T15:53:32.894,955,4,0x3fc;0x3f2;0x3f3;0x3fd,0,253
2026-06-02T15:53:33.094,956,4,0x3fc;0x3f2;0x3f3;0x3fd,0,245
2026-06-02T15:53:33.094,957,4,0x3fc;0x3f2;0x3f3;0x3fd,0,252
2026-06-02T15:53:33.295,958,4,0x3fc;0x3f2;0x3f3;0x3fd,0,253
2026-06-02T15:53:33.295,959,4,0x3fc;0x3f2;0x3f3;0x3fd,0,589
2026-06-02T15:53:33.499,960,5,0x3fc;0x3f2;0x3f3;0x3fd;0x410,1,775
2026-06-02T15:53:33.499,961,4,0x3fc;0x3f2;0x3f3;0x3fd,0,287
2026-06-02T15:53:33.499,962,4,0x3fc;0x3f2;0x3f3;0x3fd,0,244
2026-06-02T15:53:33.700,963,4,0x3fc;0x3f2;0x3f3;0x3fd,0,236
2026-06-02T15:53:33.700,964,4,0x3fc;0x3f2;0x3f3;0x3fd,0,243
2026-06-02T15:53:33.903,965,4,0x3fc;0x3f2;0x3f3;0x3fd,0,252
2026-06-02T15:53:33.903,966,4,0x3fc;0x3f2;0x3f3;0x3fd,0,261
2026-06-02T15:53:34.118,967,4,0x3fc;0x3f2;0x3f3;0x3fd,0,262
2026-06-02T15:53:34.118,968,4,0x3fc;0x3f2;0x3f3;0x3fd,0,262
2026-06-02T15:53:34.118,969,4,0x3fc;0x3f2;0x3f3;0x3fd,0,254
2026-06-02T15:53:34.321,970,3,0x3f2;0x3f3;0x3fd,0,185
2026-06-02T15:53:34.321,971,3,0x3fc;0x3f2;0x3fd,0,248
2026-06-02T15:53:34.524,972,4,0x3fc;0x3f2;0x3f3;0x3fd,0,254
2026-06-02T15:53:34.524,973,4,0x3fc;0x3f2;0x3f3;0x3fd,0,237
2026-06-02T15:53:34.727,974,4,0x3fc;0x3f2;0x3f3;0x3fd,0,259
2026-06-02T15:53:34.727,975,4,0x3fc;0x3f2;0x3f3;0x3fd,0,254
2026-06-02T15:53:34.942,976,5,0x3fc;0x3f2;0x3f3;0x3fd;0x410,1,397
2026-06-02T15:53:34.942,977,4,0x3fc;0x3f2;0x3f3;0x3fd,0,269
2026-06-02T15:53:34.942,978,4,0x3fc;0x3f2;0x3f3;0x3fd,0,239
2026-06-02T15:53:35.144,979,4,0x3fc;0x3f2;0x3f3;0x3fd,0,243
2026-06-02T15:53:35.144,980,4,0x3fc;0x3f2;0x3f3;0x3fd,0,244
2026-06-02T15:53:35.345,981,3,0x3f2;0x3f3;0x3fd,0,184
2026-06-02T15:53:35.345,982,3,0x3fc;0x3f2;0x3fd,0,240
2026-06-02T15:53:35.546,983,4,0x3fc;0x3f2;0x3f3;0x3fd,0,253
2026-06-02T15:53:35.546,984,4,0x3fc;0x3f2;0x3f3;0x3fd,0,245
2026-06-02T15:53:35.546,985,4,0x3fc;0x3f2;0x3f3;0x3fd,0,316
2026-06-02T15:53:35.747,986,4,0x3fc;0x3f2;0x3f3;0x3fd,0,269
2026-06-02T15:53:35.747,987,4,0x3fc;0x3f2;0x3f3;0x3fd,0,246
2026-06-02T15:53:35.948,988,4,0x3fc;0x3f2;0x3f3;0x3fd,0,260
2026-06-02T15:53:35.948,989,4,0x3fc;0x3f2;0x3f3;0x3fd,0,254
2026-06-02T15:53:36.151,990,4,0x3fc;0x3f2;0x3f3;0x3fd,0,325
2026-06-02T15:53:36.152,991,3,0x3f2;0x3f3;0x3fd,0,194
2026-06-02T15:53:36.353,992,3,0x3f2;0x3fd;0x410,1,316
2026-06-02T15:53:36.353,993,3,0x3fc;0x3f2;0x3fd,0,248
2026-06-02T15:53:36.353,994,4,0x3fc;0x3f2;0x3f3;0x3fd,0,358
2026-06-02T15:53:36.554,995,4,0x3fc;0x3f2;0x3f3;0x3fd,0,266
2026-06-02T15:53:36.554,996,4,0x3fc;0x3f2;0x3f3;0x3fd,0,245
2026-06-02T15:53:36.755,997,4,0x3fc;0x3f2;0x3f3;0x3fd,0,244
2026-06-02T15:53:36.755,998,4,0x3fc;0x3f2;0x3f3;0x3fd,0,308
2026-06-02T15:53:36.957,999,4,0x3fc;0x3f2;0x3f3;0x3fd,0,228
2026-06-02T15:53:36.958,1000,4,0x3fc;0x3f2;0x3f3;0x3fd,0,225
2026-06-02T15:53:37.162,1001,4,0x3fc;0x3f2;0x3f3;0x3fd,0,226
2026-06-02T15:53:37.162,1002,4,0x3fc;0x3f2;0x3f3;0x3fd,0,394
2026-06-02T15:53:37.162,1003,4,0x3fc;0x3f2;0x3f3;0x3fd,0,255
2026-06-02T15:53:37.362,1004,4,0x3fc;0x3f2;0x3f3;0x3fd,0,235
2026-06-02T15:53:37.362,1005,4,0x3fc;0x3f2;0x3f3;0x3fd,0,243
2026-06-02T15:53:37.563,1006,4,0x3fc;0x3f2;0x3f3;0x3fd,0,244
2026-06-02T15:53:37.563,1007,4,0x3fc;0x3f2;0x3f3;0x3fd,0,244
2026-06-02T15:53:37.767,1008,5,0x3fc;0x3f2;0x3f3;0x3fd;0x410,1,388
2026-06-02T15:53:37.767,1009,4,0x3fc;0x3f2;0x3f3;0x3fd,0,244
2026-06-02T15:53:37.968,1010,4,0x3fc;0x3f2;0x3f3;0x3fd,0,252
2026-06-02T15:53:37.968,1011,4,0x3fc;0x3f2;0x3f3;0x3fd,0,253
2026-06-02T15:53:38.171,1012,4,0x3fc;0x3f2;0x3f3;0x3fd,0,261
2026-06-02T15:53:38.171,1013,3,0x3f2;0x3f3;0x3fd,0,186
2026-06-02T15:53:38.171,1014,3,0x3fc;0x3f2;0x3fd,0,248
2026-06-02T15:53:38.372,1015,4,0x3fc;0x3f2;0x3f3;0x3fd,0,278
2026-06-02T15:53:38.372,1016,4,0x3fc;0x3f2;0x3f3;0x3fd,0,288
2026-06-02T15:53:38.575,1017,4,0x3fc;0x3f2;0x3f3;0x3fd,0,289
2026-06-02T15:53:38.575,1018,4,0x3fc;0x3f2;0x3f3;0x3fd,0,281
2026-06-02T15:53:38.778,1019,4,0x3fc;0x3f2;0x3f3;0x3fd,0,280
2026-06-02T15:53:38.779,1020,4,0x3fc;0x3f2;0x3f3;0x3fd,0,280
2026-06-02T15:53:38.995,1021,4,0x3fc;0x3f2;0x3f3;0x3fd,0,280
2026-06-02T15:53:38.995,1022,4,0x3fc;0x3f2;0x3f3;0x3fd,0,264
2026-06-02T15:53:38.995,1023,4,0x3fc;0x3f2;0x3f3;0x3fd,0,350
2026-06-02T15:53:39.211,1024,5,0x3fc;0x3f2;0x3f3;0x3fd;0x410,1,505
2026-06-02T15:53:39.211,1025,4,0x3fc;0x3f2;0x3f3;0x3fd,0,273
2026-06-02T15:53:39.415,1026,4,0x3fc;0x3f2;0x3f3;0x3fd,0,254
2026-06-02T15:53:39.415,1027,4,0x3fc;0x3f2;0x3f3;0x3fd,0,245
2026-06-02T15:53:39.415,1028,4,0x3fc;0x3f2;0x3f3;0x3fd,0,244
2026-06-02T15:53:39.616,1029,4,0x3fc;0x3f2;0x3f3;0x3fd,0,356
2026-06-02T15:53:39.616,1030,4,0x3fc;0x3f2;0x3f3;0x3fd,0,266
2026-06-02T15:53:39.818,1031,4,0x3fc;0x3f2;0x3f3;0x3fd,0,309
2026-06-02T15:53:39.818,1032,4,0x3fc;0x3f2;0x3f3;0x3fd,0,268
2026-06-02T15:53:40.019,1033,4,0x3fc;0x3f2;0x3f3;0x3fd,0,254
2026-06-02T15:53:40.019,1034,4,0x3fc;0x3f2;0x3f3;0x3fd,0,421
2026-06-02T15:53:40.224,1035,4,0x3fc;0x3f2;0x3f3;0x3fd,0,258
2026-06-02T15:53:40.225,1036,4,0x3fc;0x3f2;0x3f3;0x3fd,0,235
2026-06-02T15:53:40.225,1037,4,0x3fc;0x3f2;0x3f3;0x3fd,0,227
2026-06-02T15:53:40.426,1038,4,0x3fc;0x3f2;0x3f3;0x3fd,0,218
2026-06-02T15:53:40.426,1039,4,0x3fc;0x3f2;0x3f3;0x3fd,0,273
2026-06-02T15:53:40.628,1040,5,0x3fc;0x3f2;0x3f3;0x3fd;0x410,1,424
2026-06-02T15:53:40.629,1041,4,0x3fc;0x3f2;0x3f3;0x3fd,0,240
2026-06-02T15:53:40.843,1042,4,0x3fc;0x3f2;0x3f3;0x3fd,0,243
2026-06-02T15:53:40.843,1043,4,0x3fc;0x3f2;0x3f3;0x3fd,0,236
2026-06-02T15:53:41.046,1044,4,0x3fc;0x3f2;0x3f3;0x3fd,0,235
2026-06-02T15:53:41.046,1045,4,0x3fc;0x3f2;0x3f3;0x3fd,0,299
2026-06-02T15:53:41.046,1046,4,0x3fc;0x3f2;0x3f3;0x3fd,0,243
2026-06-02T15:53:41.247,1047,4,0x3fc;0x3f2;0x3f3;0x3fd,0,243
2026-06-02T15:53:41.247,1048,4,0x3fc;0x3f2;0x3f3;0x3fd,0,244
2026-06-02T15:53:41.447,1049,4,0x3fc;0x3f2;0x3f3;0x3fd,0,236
2026-06-02T15:53:41.447,1050,4,0x3fc;0x3f2;0x3f3;0x3fd,0,235
2026-06-02T15:53:41.652,1051,4,0x3fc;0x3f2;0x3f3;0x3fd,0,235
2026-06-02T15:53:41.652,1052,4,0x3fc;0x3f2;0x3f3;0x3fd,0,259
2026-06-02T15:53:41.854,1053,4,0x3fc;0x3f2;0x3f3;0x3fd,0,270
2026-06-02T15:53:41.855,1054,4,0x3fc;0x3f2;0x3f3;0x3fd,0,263
2026-06-02T15:53:41.855,1055,4,0x3fc;0x3f2;0x3f3;0x3fd,0,270
2026-06-02T15:53:42.069,1056,5,0x3fc;0x3f2;0x3f3;0x3fd;0x410,1,415
2026-06-02T15:53:42.069,1057,4,0x3fc;0x3f2;0x3f3;0x3fd,0,271
2026-06-02T15:53:42.271,1058,4,0x3fc;0x3f2;0x3f3;0x3fd,0,271
2026-06-02T15:53:42.271,1059,4,0x3fc;0x3f2;0x3f3;0x3fd,0,247
2026-06-02T15:53:42.475,1060,4,0x3fc;0x3f2;0x3f3;0x3fd,0,340
2026-06-02T15:53:42.476,1061,4,0x3fc;0x3f2;0x3f3;0x3fd,0,264
2026-06-02T15:53:42.476,1062,4,0x3fc;0x3f2;0x3f3;0x3fd,0,541
2026-06-02T15:53:42.690,1063,4,0x3fc;0x3f2;0x3f3;0x3fd,0,401
2026-06-02T15:53:42.690,1064,4,0x3fc;0x3f2;0x3f3;0x3fd,0,267
2026-06-02T15:53:42.893,1065,4,0x3fc;0x3f2;0x3f3;0x3fd,0,293
2026-06-02T15:53:42.893,1066,4,0x3fc;0x3f2;0x3f3;0x3fd,0,274
2026-06-02T15:53:43.093,1067,4,0x3fc;0x3f2;0x3f3;0x3fd,0,327
2026-06-02T15:53:43.093,1068,4,0x3fc;0x3f2;0x3f3;0x3fd,0,550
2026-06-02T15:53:43.298,1069,4,0x3fc;0x3f2;0x3f3;0x3fd,0,377
2026-06-02T15:53:43.298,1070,4,0x3fc;0x3f2;0x3f3;0x3fd,0,248
2026-06-02T15:53:43.298,1071,4,0x3fc;0x3f2;0x3f3;0x3fd,0,235
2026-06-02T15:53:43.499,1072,5,0x3fc;0x3f2;0x3f3;0x3fd;0x410,1,379
2026-06-02T15:53:43.499,1073,4,0x3fc;0x3f2;0x3f3;0x3fd,0,251
2026-06-02T15:53:43.702,1074,4,0x3fc;0x3f2;0x3f3;0x3fd,0,261
2026-06-02T15:53:43.703,1075,4,0x3fc;0x3f2;0x3f3;0x3fd,0,294
2026-06-02T15:53:43.904,1076,4,0x3fc;0x3f2;0x3f3;0x3fd,0,290
2026-06-02T15:53:43.904,1077,4,0x3fc;0x3f2;0x3f3;0x3fd,0,369
2026-06-02T15:53:44.108,1078,4,0x3fc;0x3f2;0x3f3;0x3fd,0,275
2026-06-02T15:53:44.108,1079,4,0x3fc;0x3f2;0x3f3;0x3fd,0,262
2026-06-02T15:53:44.108,1080,4,0x3fc;0x3f2;0x3f3;0x3fd,0,246
2026-06-02T15:53:44.308,1081,4,0x3fc;0x3f2;0x3f3;0x3fd,0,244
2026-06-02T15:53:44.308,1082,4,0x3fc;0x3f2;0x3f3;0x3fd,0,252
2026-06-02T15:53:44.509,1083,4,0x3fc;0x3f2;0x3f3;0x3fd,0,245
2026-06-02T15:53:44.509,1084,4,0x3fc;0x3f2;0x3f3;0x3fd,0,228
2026-06-02T15:53:44.711,1085,4,0x3fc;0x3f2;0x3f3;0x3fd,0,274
2026-06-02T15:53:44.711,1086,3,0x3f2;0x3f3;0x3fd,0,188
2026-06-02T15:53:44.915,1087,2,0x3f2;0x3fd,0,172
2026-06-02T15:53:44.915,1088,3,0x3f2;0x3fd;0x410,1,316
2026-06-02T15:53:44.915,1089,3,0x3fc;0x3f2;0x3fd,0,240
2026-06-02T15:53:45.116,1090,4,0x3fc;0x3f2;0x3f3;0x3fd,0,229
2026-06-02T15:53:45.116,1091,4,0x3fc;0x3f2;0x3f3;0x3fd,0,258
2026-06-02T15:53:45.317,1092,4,0x3fc;0x3f2;0x3f3;0x3fd,0,246
2026-06-02T15:53:45.317,1093,4,0x3fc;0x3f2;0x3f3;0x3fd,0,244
2026-06-02T15:53:45.521,1094,4,0x3fc;0x3f2;0x3f3;0x3fd,0,244
2026-06-02T15:53:45.521,1095,4,0x3fc;0x3f2;0x3f3;0x3fd,0,252
2026-06-02T15:53:45.722,1096,4,0x3fc;0x3f2;0x3f3;0x3fd,0,261
2026-06-02T15:53:45.722,1097,4,0x3fc;0x3f2;0x3f3;0x3fd,0,254
2026-06-02T15:53:45.722,1098,4,0x3fc;0x3f2;0x3f3;0x3fd,0,229
2026-06-02T15:53:45.936,1099,4,0x3fc;0x3f2;0x3f3;0x3fd,0,258
2026-06-02T15:53:45.936,1100,4,0x3fc;0x3f2;0x3f3;0x3fd,0,238
2026-06-02T15:53:46.151,1101,4,0x3fc;0x3f2;0x3f3;0x3fd,0,235
2026-06-02T15:53:46.151,1102,4,0x3fc;0x3f2;0x3f3;0x3fd,0,243
2026-06-02T15:53:46.353,1103,4,0x3fc;0x3f2;0x3f3;0x3fd,0,236
2026-06-02T15:53:46.353,1104,5,0x3fc;0x3f2;0x3f3;0x3fd;0x410,1,379
2026-06-02T15:53:46.353,1105,4,0x3fc;0x3f2;0x3f3;0x3fd,0,235
2026-06-02T15:53:46.568,1106,4,0x3fc;0x3f2;0x3f3;0x3fd,0,235
2026-06-02T15:53:46.569,1107,4,0x3fc;0x3f2;0x3f3;0x3fd,0,243
2026-06-02T15:53:46.770,1108,4,0x3fc;0x3f2;0x3f3;0x3fd,0,444
2026-06-02T15:53:46.770,1109,4,0x3fc;0x3f2;0x3f3;0x3fd,0,373
2026-06-02T15:53:46.972,1110,4,0x3fc;0x3f2;0x3f3;0x3fd,0,241
2026-06-02T15:53:46.972,1111,4,0x3fc;0x3f2;0x3f3;0x3fd,0,242
2026-06-02T15:53:46.972,1112,4,0x3fc;0x3f2;0x3f3;0x3fd,0,228
2026-06-02T15:53:47.175,1113,4,0x3fc;0x3f2;0x3f3;0x3fd,0,226
2026-06-02T15:53:47.175,1114,4,0x3fc;0x3f2;0x3f3;0x3fd,0,234
2026-06-02T15:53:47.377,1115,4,0x3fc;0x3f2;0x3f3;0x3fd,0,243
2026-06-02T15:53:47.377,1116,4,0x3fc;0x3f2;0x3f3;0x3fd,0,244
2026-06-02T15:53:47.578,1117,4,0x3fc;0x3f2;0x3f3;0x3fd,0,244
2026-06-02T15:53:47.578,1118,4,0x3fc;0x3f2;0x3f3;0x3fd,0,252
2026-06-02T15:53:47.779,1119,4,0x3fc;0x3f2;0x3f3;0x3fd,0,397
2026-06-02T15:53:47.779,1120,5,0x3fc;0x3f2;0x3f3;0x3fd;0x410,1,559
2026-06-02T15:53:47.982,1121,4,0x3fc;0x3f2;0x3f3;0x3fd,0,263
2026-06-02T15:53:47.982,1122,4,0x3fc;0x3f2;0x3f3;0x3fd,0,260
2026-06-02T15:53:47.982,1123,4,0x3fc;0x3f2;0x3f3;0x3fd,0,262
2026-06-02T15:53:48.185,1124,4,0x3fc;0x3f2;0x3f3;0x3fd,0,254
2026-06-02T15:53:48.185,1125,4,0x3fc;0x3f2;0x3f3;0x3fd,0,261
2026-06-02T15:53:48.400,1126,4,0x3fc;0x3f2;0x3f3;0x3fd,0,246
2026-06-02T15:53:48.401,1127,4,0x3fc;0x3f2;0x3f3;0x3fd,0,260
2026-06-02T15:53:48.604,1128,4,0x3fc;0x3f2;0x3f3;0x3fd,0,262
2026-06-02T15:53:48.604,1129,4,0x3fc;0x3f2;0x3f3;0x3fd,0,246
2026-06-02T15:53:48.604,1130,4,0x3fc;0x3f2;0x3f3;0x3fd,0,260
2026-06-02T15:53:48.806,1131,4,0x3fc;0x3f2;0x3f3;0x3fd,0,238
2026-06-02T15:53:48.806,1132,4,0x3fc;0x3f2;0x3f3;0x3fd,0,235
2026-06-02T15:53:49.010,1133,4,0x3fc;0x3f2;0x3f3;0x3fd,0,235
2026-06-02T15:53:49.010,1134,4,0x3fc;0x3f2;0x3f3;0x3fd,0,235
2026-06-02T15:53:49.213,1135,4,0x3fc;0x3f2;0x3f3;0x3fd,0,243
2026-06-02T15:53:49.213,1136,5,0x3fc;0x3f2;0x3f3;0x3fd;0x410,1,388
2026-06-02T15:53:49.417,1137,4,0x3fc;0x3f2;0x3f3;0x3fd,0,244
2026-06-02T15:53:49.417,1138,4,0x3fc;0x3f2;0x3f3;0x3fd,0,244
2026-06-02T15:53:49.417,1139,4,0x3fc;0x3f2;0x3f3;0x3fd,0,260
2026-06-02T15:53:49.621,1140,4,0x3fc;0x3f2;0x3f3;0x3fd,0,246
2026-06-02T15:53:49.621,1141,3,0x3f2;0x3f3;0x3fd,0,184
2026-06-02T15:53:49.824,1142,3,0x3fc;0x3f2;0x3fd,0,216
2026-06-02T15:53:49.824,1143,4,0x3fc;0x3f2;0x3f3;0x3fd,0,226
2026-06-02T15:53:50.038,1144,4,0x3fc;0x3f2;0x3f3;0x3fd,0,234
2026-06-02T15:53:50.038,1145,4,0x3fc;0x3f2;0x3f3;0x3fd,0,243
2026-06-02T15:53:50.039,1146,4,0x3fc;0x3f2;0x3f3;0x3fd,0,244
2026-06-02T15:53:50.240,1147,4,0x3fc;0x3f2;0x3f3;0x3fd,0,244
2026-06-02T15:53:50.240,1148,4,0x3fc;0x3f2;0x3f3;0x3fd,0,284
2026-06-02T15:53:50.456,1149,4,0x3fc;0x3f2;0x3f3;0x3fd,0,289
2026-06-02T15:53:50.456,1150,4,0x3fc;0x3f2;0x3f3;0x3fd,0,273
2026-06-02T15:53:50.659,1151,3,0x3f2;0x3f3;0x3fd,0,187
2026-06-02T15:53:50.659,1152,3,0x3f2;0x3fd;0x410,1,316
2026-06-02T15:53:50.863,1153,3,0x3fc;0x3f2;0x3fd,0,512
2026-06-02T15:53:50.863,1154,4,0x3fc;0x3f2;0x3f3;0x3fd,0,591
2026-06-02T15:53:50.863,1155,4,0x3fc;0x3f2;0x3f3;0x3fd,0,803
2026-06-02T15:53:51.064,1156,4,0x3fc;0x3f2;0x3f3;0x3fd,0,1045
2026-06-02T15:53:51.064,1157,4,0x3fc;0x3f2;0x3f3;0x3fd,0,1072
2026-06-02T15:53:51.265,1158,4,0x3fc;0x3f2;0x3f3;0x3fd,0,1176
2026-06-02T15:53:51.265,1159,4,0x3fc;0x3f2;0x3f3;0x3fd,0,1093
2026-06-02T15:53:51.469,1160,4,0x3fc;0x3f2;0x3f3;0x3fd,0,953
2026-06-02T15:53:51.469,1161,4,0x3fc;0x3f2;0x3f3;0x3fd,0,681
2026-06-02T15:53:51.685,1162,4,0x3fc;0x3f2;0x3f3;0x3fd,0,321
2026-06-02T15:53:51.685,1163,4,0x3fc;0x3f2;0x3f3;0x3fd,0,648
2026-06-02T15:53:51.685,1164,4,0x3fc;0x3f2;0x3f3;0x3fd,0,798
2026-06-02T15:53:51.889,1165,4,0x3fc;0x3f2;0x3f3;0x3fd,0,683
2026-06-02T15:53:51.889,1166,4,0x3fc;0x3f2;0x3f3;0x3fd,0,491
2026-06-02T15:53:52.092,1167,4,0x3fc;0x3f2;0x3f3;0x3fd,0,749
2026-06-02T15:53:52.092,1168,5,0x3fc;0x3f2;0x3f3;0x3fd;0x410,1,928
2026-06-02T15:53:52.292,1169,4,0x3fc;0x3f2;0x3f3;0x3fd,0,336
2026-06-02T15:53:52.292,1170,4,0x3fc;0x3f2;0x3f3;0x3fd,0,256
2026-06-02T15:53:52.292,1171,4,0x3fc;0x3f2;0x3f3;0x3fd,0,581
2026-06-02T15:53:52.496,1172,4,0x3fc;0x3f2;0x3f3;0x3fd,0,358
2026-06-02T15:53:52.496,1173,4,0x3fc;0x3f2;0x3f3;0x3fd,0,277
2026-06-02T15:53:52.697,1174,4,0x3fc;0x3f2;0x3f3;0x3fd,0,375
2026-06-02T15:53:52.697,1175,4,0x3fc;0x3f2;0x3f3;0x3fd,0,324
2026-06-02T15:53:52.899,1176,4,0x3fc;0x3f2;0x3f3;0x3fd,0,260
2026-06-02T15:53:52.899,1177,4,0x3fc;0x3f2;0x3f3;0x3fd,0,253
2026-06-02T15:53:53.114,1178,4,0x3fc;0x3f2;0x3f3;0x3fd,0,413
2026-06-02T15:53:53.115,1179,4,0x3fc;0x3f2;0x3f3;0x3fd,0,281
2026-06-02T15:53:53.115,1180,4,0x3fc;0x3f2;0x3f3;0x3fd,0,606
2026-06-02T15:53:53.317,1181,4,0x3fc;0x3f2;0x3f3;0x3fd,0,273
2026-06-02T15:53:53.317,1182,4,0x3fc;0x3f2;0x3f3;0x3fd,0,226
2026-06-02T15:53:53.520,1183,4,0x3fc;0x3f2;0x3f3;0x3fd,0,282
2026-06-02T15:53:53.520,1184,5,0x3fc;0x3f2;0x3f3;0x3fd;0x410,1,433
2026-06-02T15:53:53.723,1185,4,0x3fc;0x3f2;0x3f3;0x3fd,0,449
2026-06-02T15:53:53.723,1186,4,0x3fc;0x3f2;0x3f3;0x3fd,0,253
2026-06-02T15:53:53.723,1187,4,0x3fc;0x3f2;0x3f3;0x3fd,0,434
2026-06-02T15:53:53.927,1188,4,0x3fc;0x3f2;0x3f3;0x3fd,0,340
2026-06-02T15:53:53.927,1189,4,0x3fc;0x3f2;0x3f3;0x3fd,0,245
2026-06-02T15:53:54.130,1190,4,0x3fc;0x3f2;0x3f3;0x3fd,0,603
2026-06-02T15:53:54.130,1191,4,0x3fc;0x3f2;0x3f3;0x3fd,0,545
2026-06-02T15:53:54.332,1192,4,0x3fc;0x3f2;0x3f3;0x3fd,0,260
2026-06-02T15:53:54.332,1193,3,0x3f2;0x3f3;0x3fd,0,182
2026-06-02T15:53:54.536,1194,3,0x3fc;0x3f2;0x3fd,0,224
2026-06-02T15:53:54.536,1195,4,0x3fc;0x3f2;0x3f3;0x3fd,0,395
2026-06-02T15:53:54.536,1196,4,0x3fc;0x3f2;0x3f3;0x3fd,0,415
2026-06-02T15:53:54.749,1197,4,0x3fc;0x3f2;0x3f3;0x3fd,0,583
2026-06-02T15:53:54.749,1198,4,0x3fc;0x3f2;0x3f3;0x3fd,0,260
2026-06-02T15:53:54.950,1199,4,0x3fc;0x3f2;0x3f3;0x3fd,0,313
2026-06-02T15:53:54.950,1200,5,0x3fc;0x3f2;0x3f3;0x3fd;0x410,1,469
2026-06-02T15:53:55.152,1201,4,0x3fc;0x3f2;0x3f3;0x3fd,0,229
2026-06-02T15:53:55.152,1202,4,0x3fc;0x3f2;0x3f3;0x3fd,0,225
