system_time_iso,elapsed_s,frame_number,target_id,range_bin,breathing_deviation,heart_rate_raw_bpm,breathing_rate_raw_bpm,heart_rate_filtered_bpm,breathing_rate_filtered_bpm,filter_valid,filter_reason,parser_variant,tlv_length,heart_circular_buffer_json,breath_circular_buffer_json
2026-06-02T14:23:52.810,1.225,32,0,15,0.004864,50.223,21.763,,,1,warming_up_1/3,u16_id_range_primary,136,"[0.0,0.0,0.0,0.0,0.0,-0.012854120694100857,-0.11503996700048447,0.11705814301967621,0.38431403040885925,-0.10112658143043518,-0.590933084487915,-0.178064227104187,0.40192052721977234,0.30577316880226135,-0.009553909301757812]","[0.0,0.0,0.0,0.0,0.0,-0.03520512580871582,-0.1614048182964325,-0.2277398705482483,-0.20059657096862793,-0.11110812425613403,-0.016963720321655273,0.08017992973327637,0.15211743116378784,0.18900632858276367,0.1829674243927002]"
2026-06-02T14:23:54.229,2.644,48,0,15,0.008219,50.223,15.067,,,1,warming_up_2/3,u16_id_range_primary,136,"[-0.014019637368619442,-0.12175364792346954,0.1300787329673767,0.4016379714012146,-0.1244485080242157,-0.6137142181396484,-0.16325092315673828,0.4179842472076416,0.3036535978317261,-0.011620670557022095,-0.007258772850036621,-0.15185751020908356,-0.314186155796051,0.23976245522499084,0.30937057733535767]","[-0.038319043815135956,-0.1704953908920288,-0.23729485273361206,-0.2092246413230896,-0.11793053150177002,-0.020908594131469727,0.07943177223205566,0.154466450214386,0.19384163618087769,0.18924152851104736,0.19404210150241852,0.05594456568360329,-0.08654968440532684,-0.181462362408638,-0.20393139123916626]"
2026-06-02T14:23:55.662,4.077,64,0,15,0.011404,50.223,16.741,50.223,16.741,1,ok,u16_id_range_primary,136,"[-0.5892722606658936,-0.1816117763519287,0.4007143974304199,0.3073190152645111,-0.009073019027709961,-0.011389315128326416,-0.14597295224666595,-0.30173587799072266,0.23415708541870117,0.2976793050765991,-0.24405214190483093,-0.23730647563934326,-0.025371968746185303,-0.0023078322410583496,0.21078388392925262]","[-0.016418933868408203,0.08063697814941406,0.1523505449295044,0.18895459175109863,0.1826891005039215,0.18355368077754974,0.0457119345664978,-0.09573708474636078,-0.18820832669734955,-0.2091953158378601,-0.13195019960403442,0.034178078174591064,0.16613972187042236,0.23734107613563538,0.19093990325927734]"
2026-06-02T14:23:57.082,5.497,80,0,15,0.013934,50.223,15.067,50.223,15.904,1,ok,u16_id_range_primary,136,"[-0.010419785976409912,-0.14880047738552094,-0.3033660650253296,0.2396710067987442,0.2912302017211914,-0.2589707374572754,-0.23276399075984955,-0.00013679265975952148,0.006927013397216797,0.18486517667770386,0.3290749192237854,0.29962801933288574,-0.35329318046569824,-0.7183177471160889,-0.028792262077331543]","[0.18430259823799133,0.042908161878585815,-0.09923332929611206,-0.19006647169589996,-0.20997494459152222,-0.13408774137496948,0.029571115970611572,0.16270321607589722,0.23587310314178467,0.18962949514389038,0.14062879979610443,0.13972240686416626,0.12588423490524292,0.11758768558502197,0.19199788570404053]"
2026-06-02T14:23:58.512,6.927,96,0,11,0.019710,61.942,15.067,50.223,15.067,1,ok,u16_id_range_primary,136,"[-0.2643934488296509,-0.23334942758083344,0.008305490016937256,0.01593703031539917,0.17825601994991302,0.31735438108444214,0.29533374309539795,-0.3453329801559448,-0.708163857460022,-0.028958380222320557,0.5174466371536255,-0.015125900506973267,-0.3032695949077606,0.3284439146518707,0.596908688545227]","[-0.13270574808120728,0.028261125087738037,0.16031014919281006,0.23370814323425293,0.18903560936450958,0.14073774218559265,0.13984760642051697,0.12624269723892212,0.1184125542640686,0.19371896982192993,0.3012586832046509,0.3310210704803467,0.21430730819702148,0.032501935958862305,-0.18717598915100098]"
2026-06-02T14:23:59.929,8.344,112,0,11,0.025213,51.897,16.741,50.223,15.904,1,ok,u16_id_range_primary,136,"[0.3085649609565735,0.29293763637542725,-0.33945322036743164,-0.7013176679611206,-0.02909374237060547,0.5114496946334839,-0.016110889613628387,-0.30005311965942383,0.3271535336971283,0.5971855521202087,-0.09396523237228394,-0.3634326756000519,-0.532636284828186,-0.6600317358970642,0.4430049657821655]","[0.14074404537677765,0.1399717628955841,0.12661629915237427,0.11919760704040527,0.19500255584716797,0.3018913269042969,0.3316913843154907,0.21424531936645508,0.032436370849609375,-0.18649959564208984,-0.29564356803894043,-0.18528318405151367,-0.09228181838989258,0.008495330810546875,0.12242388725280762]"
2026-06-02T14:24:01.346,9.761,128,0,11,0.026941,58.593,10.045,50.223,15.067,1,ok,u16_id_range_primary,136,"[0.48579534888267517,-0.026094432920217514,-0.2864188849925995,0.332370787858963,0.5935384631156921,-0.10478311777114868,-0.36581727862358093,-0.5119088888168335,-0.6487573981285095,0.4222145080566406,0.9666439294815063,0.25614064931869507,-0.24748682975769043,-0.30779868364334106,-0.1998460292816162]","[0.3034862279891968,0.3327028751373291,0.21379995346069336,0.03327584266662598,-0.18382525444030762,-0.2944744825363159,-0.18658125400543213,-0.09402263164520264,0.009241938591003418,0.12023258209228516,0.15448880195617676,0.18638432025909424,0.12920403480529785,0.0709841251373291,-0.042745351791381836]"
2026-06-02T14:24:02.980,11.394,144,0,11,0.043836,75.335,20.089,50.223,15.067,0,br_jump_10.04_to_20.09,u16_id_range_primary,136,"[-0.10240256786346436,-0.3660397529602051,-0.5155091881752014,-0.6502781510353088,0.42543554306030273,0.9704391360282898,0.25366371870040894,-0.2508384585380554,-0.3065911531448364,-0.1980927437543869,-0.26106148958206177,-0.04843783378601074,0.5547255277633667,0.401405394077301,-0.4014982581138611]","[-0.29471123218536377,-0.18633615970611572,-0.09362542629241943,0.009164810180664062,0.12048494815826416,0.15491604804992676,0.18681907653808594,0.12966132164001465,0.07089519500732422,-0.04275655746459961,-0.24690866470336914,-0.4413011074066162,-0.533903956413269,-0.46578484773635864,-0.3583548963069916]"
2026-06-02T14:24:04.408,12.823,160,0,11,0.048473,50.223,20.089,50.223,15.067,0,br_jump_10.04_to_20.09,u16_id_range_primary,136,"[0.9670190811157227,0.25278085470199585,-0.24651551246643066,-0.3032189607620239,-0.20068241655826569,-0.26571744680404663,-0.04657769203186035,0.5573027729988098,0.39929303526878357,-0.4022975265979767,-0.5771368741989136,0.0009981393814086914,0.38603851199150085,0.5791457295417786,-0.028933167457580566]","[0.1549617052078247,0.18639612197875977,0.12899160385131836,0.07074904441833496,-0.0429840087890625,-0.2471175193786621,-0.4410254955291748,-0.5334386825561523,-0.46567660570144653,-0.3584889769554138,-0.2060784101486206,-0.22310388088226318,-0.1890726089477539,-0.18960285186767578,-0.12943530082702637]"
2026-06-02T14:24:05.844,14.259,176,0,18,0.045487,75.335,20.089,50.223,15.067,0,br_jump_10.04_to_20.09,u16_id_range_primary,136,"[-0.2568698525428772,-0.046609580516815186,0.5546756982803345,0.39865338802337646,-0.40431660413742065,-0.5758601427078247,0.0015349388122558594,0.38244935870170593,0.5800728797912598,-0.02234041690826416,-0.47071006894111633,-0.5122721791267395,0.08111882209777832,0.5247005224227905,0.14640316367149353]","[-0.24702191352844238,-0.441448450088501,-0.5338883399963379,-0.46700945496559143,-0.3597676157951355,-0.20632457733154297,-0.22249865531921387,-0.18855035305023193,-0.18845045566558838,-0.12832939624786377,-0.07005476951599121,-0.07782149314880371,-0.01931166648864746,0.03703808784484863,0.17749357223510742]"
2026-06-02T14:24:07.259,15.674,192,0,18,0.049201,73.660,6.696,51.897,15.067,1,ok,u16_id_range_primary,136,"[-0.5776832103729248,0.0011434555053710938,0.3833749294281006,0.5812585353851318,-0.020362436771392822,-0.47229498624801636,-0.5149205923080444,0.08066439628601074,0.5276166200637817,0.1462719440460205,-0.27395308017730713,-0.24974864721298218,0.2825707197189331,0.35032525658607483,-0.19541707634925842]","[-0.2060338258743286,-0.22212064266204834,-0.1885925531387329,-0.18837332725524902,-0.12819623947143555,-0.06973075866699219,-0.07738161087036133,-0.01922154426574707,0.0383298397064209,0.17751407623291016,0.2230224609375,0.22304201126098633,0.21255278587341309,0.24172604084014893,0.2878761887550354]"
2026-06-02T14:24:08.674,17.089,208,0,14,0.058129,51.897,21.763,51.897,15.067,0,br_jump_6.70_to_21.76,u16_id_range_primary,136,"[-0.4720619022846222,-0.5142006874084473,0.08040928840637207,0.5275607705116272,0.14871668815612793,-0.2727077603340149,-0.2559815049171448,0.28119367361068726,0.3560764491558075,-0.19420909881591797,-0.4385254681110382,-0.15215134620666504,0.4203346073627472,0.33811891078948975,-0.4159112274646759]","[-0.0699613094329834,-0.07759237289428711,-0.01930093765258789,0.037432193756103516,0.17796897888183594,0.22386670112609863,0.22395026683807373,0.21359050273895264,0.24231046438217163,0.2878783941268921,0.27234140038490295,0.2517545223236084,0.31637823581695557,0.3766467571258545,0.3556995391845703]"
2026-06-02T14:24:10.108,18.523,224,0,18,0.062738,71.986,21.763,51.897,15.067,0,br_jump_6.70_to_21.76,u16_id_range_primary,136,"[-0.26620838046073914,-0.2642773985862732,0.27503710985183716,0.3646497130393982,-0.18732652068138123,-0.43937572836875916,-0.15597891807556152,0.41721534729003906,0.3328218162059784,-0.4120464026927948,-0.2574901580810547,0.5251912474632263,0.19453948736190796,-0.6561179161071777,-0.2732076048851013]","[0.22489166259765625,0.22568142414093018,0.21540319919586182,0.2428959608078003,0.2878170609474182,0.27088600397109985,0.2512826919555664,0.3151089549064636,0.37647533416748047,0.35677599906921387,0.32926011085510254,0.34932565689086914,0.3230631351470947,0.1626427173614502,-0.08162355422973633]"
2026-06-02T14:24:11.529,19.943,240,0,18,0.071912,63.616,20.089,51.897,15.067,0,br_jump_6.70_to_20.09,u16_id_range_primary,136,"[-0.43740999698638916,-0.15313348174095154,0.41973647475242615,0.338814377784729,-0.4152236878871918,-0.2626416087150574,0.5279441475868225,0.1915265917778015,-0.6605929136276245,-0.26801735162734985,0.7010835409164429,0.5309551954269409,-0.4676336646080017,-0.6909393668174744,0.06511753797531128]","[0.27238136529922485,0.25200510025024414,0.3165748119354248,0.37695300579071045,0.35595905780792236,0.32839202880859375,0.3484625816345215,0.32224440574645996,0.16221213340759277,-0.08163595199584961,-0.289628267288208,-0.3739950656890869,-0.39882779121398926,-0.3538423776626587,-0.16537320613861084]"
2026-06-02T14:24:12.952,21.367,256,0,18,0.069927,63.616,20.089,51.897,15.067,0,br_jump_6.70_to_20.09,u16_id_range_primary,136,"[-0.2697743773460388,0.5305287837982178,0.1900133490562439,-0.6669357419013977,-0.2632485628128052,0.7078955769538879,0.5278595685958862,-0.470666766166687,-0.6839550733566284,0.06494247913360596,0.351066529750824,-0.26408228278160095,0.26517507433891296,0.8052313327789307,-0.2857741117477417]","[0.327317476272583,0.34753918647766113,0.3210470676422119,0.16150236129760742,-0.08174800872802734,-0.2887418270111084,-0.37441134452819824,-0.39933061599731445,-0.3541644811630249,-0.16519701480865479,-0.040961384773254395,-0.05897951126098633,-0.015262484550476074,-0.05371987819671631,-0.08778244256973267]"
2026-06-02T14:24:14.368,22.783,272,0,45,0.052762,71.986,10.045,58.593,15.067,1,ok,u16_id_range_primary,136,"[0.7085751295089722,0.5279786586761475,-0.471576452255249,-0.6835861206054688,0.0670124888420105,0.35029134154319763,-0.26596003770828247,0.26492536067962646,0.8051613569259644,-0.28453731536865234,-0.7964257001876831,0.004269719123840332,0.2769743800163269,-0.270815372467041,-0.003037095069885254]","[-0.28847599029541016,-0.3741447925567627,-0.3993265628814697,-0.3543882369995117,-0.1653587818145752,-0.04121053218841553,-0.05892908573150635,-0.01531970500946045,-0.05402183532714844,-0.08817601203918457,-0.1419275403022766,-0.11768847703933716,-0.08564934134483337,-0.09950518608093262,-0.14023993909358978]"
2026-06-02T14:24:15.795,24.210,288,0,45,0.052508,71.986,6.696,61.942,10.045,1,ok,u16_id_range_primary,136,"[0.3510042726993561,-0.2706969976425171,0.26212775707244873,0.8050827980041504,-0.28139734268188477,-0.7916762828826904,0.004164516925811768,0.27034449577331543,-0.2735368311405182,0.0009256601333618164,0.5562080144882202,0.23184335231781006,-0.19690284132957458,-0.297981858253479,-0.26435592770576477]","[-0.041895508766174316,-0.05887722969055176,-0.015774250030517578,-0.05465662479400635,-0.08939605951309204,-0.1424587368965149,-0.11734545230865479,-0.08461403846740723,-0.09802365303039551,-0.13861507177352905,-0.21417373418807983,-0.26403355598449707,-0.2790193557739258,-0.26435554027557373,-0.22922062873840332]"
2026-06-02T14:24:17.212,25.627,304,0,10,0.056694,53.571,20.089,61.942,10.045,0,br_jump_6.70_to_20.09,u16_id_range_primary,136,"[-0.7746323943138123,-0.0007669627666473389,0.2455127239227295,-0.2764015197753906,0.019603252410888672,0.5659211277961731,0.22569531202316284,-0.21288949251174927,-0.29646027088165283,-0.24820218980312347,-0.06516346335411072,0.15181109309196472,0.1623917669057846,0.3100745677947998,0.21247375011444092]","[-0.1424112319946289,-0.11492609977722168,-0.08183073997497559,-0.09555959701538086,-0.13645949959754944,-0.20963265001773834,-0.25953149795532227,-0.2762994170188904,-0.2637369632720947,-0.23038065433502197,-0.1863325834274292,-0.19069814682006836,-0.23195719718933105,-0.17866086959838867,-0.0905313491821289]"
2026-06-02T14:24:18.627,27.042,320,0,29,0.053036,53.571,20.089,61.942,10.045,0,br_jump_6.70_to_20.09,u16_id_range_primary,136,"[0.5639074444770813,0.22544234991073608,-0.21398085355758667,-0.29623353481292725,-0.2455175518989563,-0.06373876333236694,0.15110740065574646,0.16151387989521027,0.30766940116882324,0.2108590006828308,-0.3788849711418152,-0.5669977068901062,0.0035524368286132812,0.4581044316291809,0.22498273849487305]","[-0.21146564185619354,-0.26074886322021484,-0.2769697308540344,-0.2640111446380615,-0.230454683303833,-0.18630242347717285,-0.19022417068481445,-0.2309103012084961,-0.17743802070617676,-0.08949708938598633,0.030440568923950195,0.11691617965698242,0.1773362159729004,0.21221923828125,0.20952630043029785]"
2026-06-02T14:24:20.244,28.659,336,0,11,0.097032,55.245,6.696,61.942,10.045,1,ok,u16_id_range_primary,136,"[-0.08295172452926636,0.15892276167869568,0.1671322137117386,0.2382490187883377,0.1299019753932953,0.14551913738250732,-0.373665988445282,-0.7587705254554749,-0.012656450271606445,0.6327435374259949,0.3304699957370758,-0.06106257438659668,0.044474631547927856,0.15872639417648315,-0.17667731642723083]","[-0.22450625896453857,-0.22899460792541504,-0.27242374420166016,-0.3781564235687256,-0.41512489318847656,-0.30268096923828125,-0.14859819412231445,0.01828622817993164,0.16321849822998047,0.2596592903137207,0.23421144485473633,0.12359189987182617,-0.06357765197753906,-0.06914997100830078,0.019528865814208984]"
2026-06-02T14:24:21.660,30.075,352,0,15,0.064191,77.009,6.696,71.986,6.696,1,ok,u16_id_range_primary,136,"[0.12934470176696777,-0.354564368724823,-0.7348635196685791,-0.02891361713409424,0.5945087671279907,0.3241744935512543,-0.004517972469329834,0.09125438332557678,0.10326319932937622,-0.2287311851978302,-0.7055246829986572,-0.388772189617157,0.2329866886138916,1.0130006074905396,0.5065575838088989]","[-0.2710123062133789,-0.12132453918457031,0.0448155403137207,0.19055843353271484,0.28328371047973633,0.24318957328796387,0.13179492950439453,-0.055181026458740234,-0.06210803985595703,0.03070998191833496,0.24438786506652832,0.3432199954986572,0.46182680130004883,0.5324797630310059,0.5654187202453613]"
2026-06-02T14:24:23.102,31.517,368,0,15,0.050344,53.571,6.696,71.986,6.696,1,ok,u16_id_range_primary,136,"[-0.11714346706867218,-0.08183194696903229,0.11312687397003174,0.18653365969657898,-0.035132765769958496,-0.5759037733078003,-0.4224911332130432,0.1364504098892212,0.9330968856811523,0.451534628868103,-0.547995924949646,-0.43111610412597656,0.18970440328121185,0.024401791393756866,-0.3460509479045868]","[0.1142423152923584,-0.048476338386535645,-0.26099634170532227,-0.27210259437561035,-0.16680192947387695,0.07066202163696289,0.19777917861938477,0.3452889919281006,0.44223475456237793,0.4977529048919678,0.41197460889816284,0.2778346836566925,0.17079997062683105,0.07750087976455688,-0.025014102458953857]"
2026-06-02T14:24:24.534,32.949,384,0,15,0.047164,78.683,6.696,71.986,6.696,1,ok,u16_id_range_primary,136,"[-0.5726768970489502,-0.42347389459609985,0.13330471515655518,0.9370834827423096,0.45574951171875,-0.5478726029396057,-0.4347165822982788,0.18727248907089233,0.02538449317216873,-0.3444043695926666,-0.07000863552093506,0.3610285222530365,0.4698418974876404,0.0017090439796447754,-0.6342836618423462]","[0.052019357681274414,0.17961645126342773,0.327770471572876,0.42498600482940674,0.48175549507141113,0.39708757400512695,0.26427552103996277,0.15820714831352234,0.06573611497879028,-0.03564739227294922,-0.16806578636169434,-0.26307377219200134,-0.22515204548835754,-0.18493983149528503,-0.1326696276664734]"
2026-06-02T14:24:25.953,34.368,400,0,15,0.063916,51.897,13.393,71.986,6.696,1,ok,u16_id_range_primary,136,"[-0.5493320822715759,-0.4778904914855957,0.14040091633796692,-0.002137996256351471,-0.3571486473083496,-0.05798900127410889,0.4046299159526825,0.5024409294128418,-0.0017567276954650879,-0.6529757976531982,-0.11467781662940979,0.2848740220069885,-0.22799724340438843,0.006099015474319458,0.623441755771637]","[0.4646915793418884,0.31355994939804077,0.19603919982910156,0.09553563594818115,-0.013872146606445312,-0.15287506580352783,-0.25320953130722046,-0.22083258628845215,-0.18407148122787476,-0.1374140977859497,0.04001545161008835,0.11174868792295456,0.13289713859558105,0.12447980046272278,0.14861351251602173]"
2026-06-02T14:24:27.379,35.793,416,0,15,0.046446,71.986,6.696,71.986,6.696,1,ok,u16_id_range_primary,136,"[0.5999774932861328,0.8160305619239807,0.164803147315979,-0.26803529262542725,-0.3664696216583252,-0.2190447449684143,0.15174025297164917,0.7932758927345276,0.2039281129837036,-1.129410982131958,-0.5064716339111328,0.552769124507904,0.43485045433044434,0.4161610007286072,0.07673746347427368]","[-0.3688856363296509,-0.31251537799835205,-0.16077136993408203,0.02413797378540039,0.15266633033752441,0.07002317905426025,-0.060006141662597656,-0.04300427436828613,-0.020437240600585938,0.012893199920654297,0.053144216537475586,-0.03980875015258789,-0.08616924285888672,-0.10306930541992188,0.009648561477661133]"
2026-06-02T14:24:28.792,37.207,432,0,15,0.064825,78.683,16.741,71.986,6.696,0,br_jump_6.70_to_16.74,u16_id_range_primary,136,"[-0.22364580631256104,0.16301164031028748,0.8061010241508484,0.2037060260772705,-1.1435683965682983,-0.509942889213562,0.5722770094871521,0.432785302400589,0.5655725598335266,-0.06866788864135742,-1.0987932682037354,-0.28423261642456055,0.6649888157844543,0.20014846324920654,0.15724436938762665]","[0.07867288589477539,-0.05165505409240723,-0.03382587432861328,-0.010404109954833984,0.02053976058959961,0.05956733226776123,-0.03164470195770264,-0.05540037155151367,0.12228560447692871,0.25180327892303467,0.3964207172393799,0.49292463064193726,0.47518038749694824,0.36271727085113525,0.28358209133148193]"
2026-06-02T14:24:30.209,38.624,448,0,15,0.063639,53.571,6.696,55.245,6.696,1,ok,u16_id_range_primary,136,"[-0.5108108520507812,0.576798677444458,0.43189874291419983,0.5590317249298096,-0.06729662418365479,-1.0977671146392822,-0.286679744720459,0.6741297841072083,0.2007324993610382,0.1444743126630783,0.24827781319618225,-0.38381361961364746,-0.5765223503112793,0.09787315130233765,0.4052182137966156]","[0.060062289237976074,-0.029957294464111328,-0.0534515380859375,0.12425994873046875,0.2550891637802124,0.3975403308868408,0.4932757616043091,0.4760743975639343,0.3628782033920288,0.28289663791656494,0.1968001127243042,0.11818826198577881,0.045114994049072266,0.021038532257080078,0.0187835693359375]"
2026-06-02T14:24:31.636,40.051,464,0,15,0.087504,68.638,6.696,68.638,6.696,1,ok,u16_id_range_primary,136,"[-0.5828150510787964,0.442499041557312,0.5487773418426514,-0.1410677433013916,-0.3902433514595032,-0.2301044762134552,0.18869048357009888,0.31204819679260254,0.09108170866966248,-0.08796420693397522,-0.27143093943595886,-0.19543668627738953,0.1854034662246704,0.27439725399017334,0.032345473766326904]","[0.5997776389122009,0.5883162021636963,0.5574507713317871,0.5308704376220703,0.4404451847076416,0.28453779220581055,0.10898351669311523,-0.06211137771606445,-0.1711444854736328,-0.2323770523071289,-0.2872164249420166,-0.33182311058044434,-0.37238001823425293,-0.42264819145202637,-0.3723437786102295]"
2026-06-02T14:24:33.054,41.469,480,0,15,0.150393,53.571,10.045,53.571,6.696,1,ok,u16_id_range_primary,136,"[-0.2603616714477539,0.332444965839386,0.5695676207542419,-0.31209489703178406,-0.8379944562911987,0.2531828284263611,1.0086262226104736,0.23417973518371582,-0.5697928071022034,-0.466913640499115,-0.04613310098648071,-0.13171741366386414,-0.054804205894470215,0.35065457224845886,0.8602750301361084]","[0.1896204948425293,0.18890714645385742,0.32085514068603516,0.3682103157043457,0.2750816345214844,0.0709981918334961,-0.1738290786743164,-0.42113161087036133,-0.645716667175293,-0.7198581695556641,-0.7244396209716797,-0.6670414209365845,-0.7312461137771606,-0.8217543363571167,-0.7572586536407471]"
2026-06-02T14:24:34.467,42.882,496,0,15,0.128902,53.571,8.370,53.571,6.696,1,ok,u16_id_range_primary,136,"[0.4439701735973358,0.5476323962211609,-0.43185168504714966,-1.1072301864624023,-0.18883347511291504,1.1394317150115967,0.75327467918396,-0.16062700748443604,-0.310890257358551,-0.41162291169166565,-0.6324650645256042,0.18522411584854126,0.6641091704368591,-0.04000335931777954,0.06418870389461517]","[-1.0125041007995605,-0.9879355430603027,-0.7894741296768188,-0.6046128273010254,-0.3895866870880127,-0.2242112159729004,-0.12201976776123047,-0.006348133087158203,0.11149740219116211,0.17937278747558594,0.16471314430236816,0.19075703620910645,0.13663077354431152,0.01168370246887207,-0.0028951168060302734]"
2026-06-02T14:24:36.099,44.514,512,0,15,0.125143,53.571,8.370,53.571,8.370,1,ok,u16_id_range_primary,136,"[1.1452064514160156,0.7532574534416199,-0.16132140159606934,-0.31364625692367554,-0.41326186060905457,-0.6293589472770691,0.18632155656814575,0.6573243737220764,-0.03565387427806854,0.07440447807312012,0.3678555190563202,-0.4336030185222626,-0.34273403882980347,-0.10133710503578186,-0.22067409753799438]","[-0.22246170043945312,-0.12001705169677734,-0.0047168731689453125,0.11275339126586914,0.18095064163208008,0.16712117195129395,0.19255399703979492,0.1367626190185547,0.011814355850219727,-0.0027031898498535156,-0.049855709075927734,0.03227090835571289,0.21988821029663086,0.29630184173583984,0.31185197830200195]"
2026-06-02T14:24:37.514,45.929,528,0,15,0.133056,61.942,8.370,53.571,8.370,1,ok,u16_id_range_primary,136,"[-0.6403346061706543,0.1848772168159485,0.6510816812515259,-0.021196678280830383,0.09472702443599701,0.35154345631599426,-0.4533693194389343,-0.3309822976589203,-0.09387019276618958,-0.1341070532798767,0.44562357664108276,0.15331363677978516,0.09870107471942902,0.36464396119117737,-0.3076455593109131]","[0.19329285621643066,0.21604084968566895,0.15610933303833008,0.029593467712402344,0.012777090072631836,-0.038236379623413086,0.041872262954711914,0.22769856452941895,0.30601954460144043,0.47922492027282715,0.48468315601348877,0.35818547010421753,0.2256978452205658,0.09876552224159241,0.01398732140660286]"
2026-06-02T14:24:38.942,47.357,544,0,15,0.048941,68.638,8.370,53.571,8.370,1,ok,u16_id_range_primary,136,"[0.3135698437690735,-0.4598696529865265,-0.2869647145271301,-0.05000138282775879,-0.12338173389434814,0.4315825402736664,0.1600685715675354,0.08490200340747833,0.3029792308807373,-0.28577762842178345,-0.44223856925964355,-0.21814793348312378,-0.4337557554244995,0.3849058747291565,1.0917410850524902]","[-0.1251218318939209,-0.02873969078063965,0.16804766654968262,0.25743818283081055,0.4329867362976074,0.4400426149368286,0.31902486085891724,0.18907400965690613,0.047385603189468384,-0.02042970061302185,0.12247547507286072,0.22447903454303741,0.2423698604106903,0.23442333936691284,0.21432220935821533]"
2026-06-02T14:24:40.357,48.772,560,0,15,0.059062,53.571,11.719,53.571,8.370,1,ok,u16_id_range_primary,136,"[0.4305785596370697,0.1625799685716629,0.0860147774219513,0.3001874089241028,-0.28658628463745117,-0.44117534160614014,-0.21734490990638733,-0.4342106580734253,0.38516730070114136,1.0926058292388916,0.368121862411499,-0.6348477602005005,-0.8913544416427612,-0.06428194046020508,0.49631738662719727]","[0.4408074617385864,0.31978780031204224,0.18969210982322693,0.04815724492073059,-0.01971304416656494,0.12322402000427246,0.22506119310855865,0.24256151914596558,0.2343583106994629,0.2140789031982422,0.2993875741958618,0.34533703327178955,0.3657987117767334,0.4566047191619873,0.5294270515441895]"
2026-06-02T14:24:41.772,50.187,576,0,19,0.109764,56.919,11.719,53.571,8.370,1,ok,u16_id_range_primary,136,"[-0.4950456917285919,-0.15473026037216187,-0.36358022689819336,0.3268206715583801,1.0291681289672852,0.39407432079315186,-0.6001149415969849,-0.8997681736946106,-0.06695312261581421,0.5097721815109253,0.079495869576931,-0.1660209447145462,-0.12118703126907349,0.6220250129699707,0.6036686301231384]","[0.15009146928787231,0.24848079681396484,0.26619553565979004,0.2586098313331604,0.2387111783027649,0.3260159492492676,0.3723280429840088,0.3912961483001709,0.4802265167236328,0.5506782531738281,0.6658391952514648,0.5319361686706543,0.24728107452392578,-0.023783206939697266,-0.2668571472167969]"
2026-06-02T14:24:43.191,51.606,592,0,19,0.087023,50.223,11.719,53.571,8.370,1,ok,u16_id_range_primary,136,"[0.39143848419189453,-0.6034455299377441,-0.8992777466773987,-0.06726431846618652,0.5085718631744385,0.08045083284378052,-0.16417662799358368,-0.1212058961391449,0.6215319633483887,0.6040115356445312,-0.6295040249824524,-0.7584282159805298,-0.16132616996765137,-0.2889612317085266,0.6780041456222534]","[0.3271934986114502,0.37313807010650635,0.3918876647949219,0.4806082248687744,0.5509371757507324,0.6659626960754395,0.5319685935974121,0.2470231056213379,-0.024104595184326172,-0.26720571517944336,-0.427004337310791,-0.37248897552490234,-0.4096217155456543,-0.5011053085327148,-0.5373990535736084]"
2026-06-02T14:24:44.620,53.035,608,0,19,0.115939,55.245,11.719,55.245,11.719,1,ok,u16_id_range_primary,136,"[0.08557319641113281,-0.15791195631027222,-0.12233331799507141,0.6205767393112183,0.6078312397003174,-0.6314223408699036,-0.7631447911262512,-0.17030739784240723,-0.2850457429885864,0.6944029927253723,1.1990967988967896,-0.11439919471740723,-1.0822967290878296,-0.2951328158378601,0.44900721311569214]","[0.6657519340515137,0.5318317413330078,0.24587583541870117,-0.025487422943115234,-0.2685389518737793,-0.4264378547668457,-0.37098026275634766,-0.4087538719177246,-0.5010428428649902,-0.5378689765930176,-0.50726318359375,-0.4700082540512085,-0.4685376286506653,-0.4171924889087677,-0.30684173107147217]"
2026-06-02T14:24:46.034,54.449,624,0,19,0.136957,55.245,8.370,55.245,11.719,1,ok,u16_id_range_primary,136,"[-0.6463764309883118,-0.704586923122406,-0.09386301040649414,-0.21565181016921997,0.7111087441444397,1.154576063156128,-0.1612633466720581,-1.1090140342712402,-0.3054502606391907,0.46566832065582275,-0.036480680108070374,-0.24616339802742004,0.3819824457168579,0.27820777893066406,-0.11578041315078735]","[-0.4888629913330078,-0.42376089096069336,-0.45209741592407227,-0.5366590023040771,-0.5690908432006836,-0.5366854667663574,-0.4975332021713257,-0.4978201389312744,-0.4448234438896179,-0.33093851804733276,-0.26508235931396484,-0.176055908203125,-0.13403022289276123,-0.12297439575195312,-0.11264359951019287]"
2026-06-02T14:24:47.447,55.862,640,0,19,0.134974,53.571,16.741,55.245,11.719,1,ok,u16_id_range_primary,136,"[1.1511554718017578,-0.16290748119354248,-1.1069635152816772,-0.30437541007995605,0.46790578961372375,-0.03921991586685181,-0.2515554130077362,0.3832312226295471,0.28111547231674194,-0.11267164349555969,-0.02628415822982788,-0.13347409665584564,-0.33237147331237793,0.012803077697753906,0.31388500332832336]","[-0.5353894233703613,-0.49626612663269043,-0.4980238080024719,-0.4452015161514282,-0.3308098316192627,-0.26461732387542725,-0.17472541332244873,-0.1330653429031372,-0.12287402153015137,-0.11312592029571533,-0.08171606063842773,-0.05550384521484375,-0.043630361557006836,-0.0023331642150878906,0.0345911979675293]"
2026-06-02T14:24:48.875,57.290,656,0,19,0.131217,70.312,8.370,55.245,11.719,1,ok,u16_id_range_primary,136,"[-0.044129759073257446,-0.2567458748817444,0.38414329290390015,0.2865799367427826,-0.10626500844955444,-0.02555331587791443,-0.1402505338191986,-0.3378988802433014,0.015716135501861572,0.31770482659339905,0.04387873411178589,-0.13862848281860352,0.1689971685409546,0.2190800905227661,-0.30260246992111206]","[-0.26299023628234863,-0.17231905460357666,-0.13154339790344238,-0.1219482421875,-0.11281657218933105,-0.08137798309326172,-0.05542588233947754,-0.04403972625732422,-0.002396821975708008,0.03466176986694336,0.04401993751525879,-0.0014824867248535156,0.006128787994384766,0.011306524276733398,0.0325014591217041]"
2026-06-02T14:24:50.318,58.733,672,0,19,0.119841,51.897,6.696,55.245,11.719,1,ok,u16_id_range_primary,136,"[-0.006180077791213989,-0.12041036784648895,-0.34245455265045166,-0.001542121171951294,0.31272244453430176,0.05021074414253235,-0.1374293565750122,0.16405346989631653,0.21843263506889343,-0.28871387243270874,-0.3583955466747284,-0.03878021240234375,0.7349816560745239,0.09788191318511963,-1.0652457475662231]","[-0.10223782062530518,-0.07702815532684326,-0.06539011001586914,-0.025363683700561523,0.011920332908630371,0.021201491355895996,-0.022392630577087402,-0.01602935791015625,-0.009977459907531738,0.012780427932739258,-0.07934868335723877,-0.11793184280395508,0.023764610290527344,0.07442760467529297,0.03126645088195801]"
2026-06-02T14:24:51.935,60.350,688,0,16,0.073682,63.616,6.696,55.245,8.370,1,ok,u16_id_range_primary,136,"[0.2328789085149765,-0.35555917024612427,-0.20495018362998962,0.5273252725601196,0.055397599935531616,-0.3843843638896942,0.2494991272687912,0.3874838948249817,-0.5047738552093506,-0.25851935148239136,0.24396789073944092,-0.18162667751312256,0.07622483372688293,0.9164567589759827,-0.04547441005706787]","[0.389833927154541,0.37412595748901367,0.42515313625335693,0.44687211513519287,0.39318448305130005,0.2532322406768799,0.19693511724472046,0.07882612943649292,-0.00707089900970459,-0.042535603046417236,-0.11075407266616821,-0.31959888339042664,-0.41933000087738037,-0.32273435592651367,-0.16561055183410645]"
2026-06-02T14:24:53.364,61.779,704,0,16,0.087153,51.897,16.741,55.245,8.370,0,br_jump_6.70_to_16.74,u16_id_range_primary,136,"[-0.40200212597846985,0.26393258571624756,0.413158655166626,-0.5056203603744507,-0.2776215374469757,0.23769047856330872,-0.18020978569984436,0.08323583006858826,0.9221125841140747,-0.05291450023651123,-1.2375305891036987,-0.31293487548828125,0.6075652241706848,0.6011592149734497,0.04948914051055908]","[0.25186455249786377,0.19561725854873657,0.07825297117233276,-0.007842421531677246,-0.04285556077957153,-0.11230754852294922,-0.3227265179157257,-0.4213438034057617,-0.32665836811065674,-0.1702967882156372,0.0615696907043457,0.24177956581115723,0.3937852382659912,0.5788726806640625,0.5953801870346069]"
2026-06-02T14:24:54.784,63.199,720,0,16,0.125586,70.312,16.741,55.245,8.370,0,br_jump_6.70_to_16.74,u16_id_range_primary,136,"[-0.2789309620857239,-0.06567579507827759,0.12253788113594055,0.25087425112724304,-0.2785707116127014,-0.3134816288948059,-0.09351956844329834,-0.08572936058044434,0.4386677145957947,0.3241618871688843,-0.30363523960113525,0.08106527477502823,0.43024930357933044,-0.36329519748687744,-0.4484361410140991]","[0.22000670433044434,-0.15836119651794434,-0.47234034538269043,-0.7131699323654175,-0.7813073396682739,-0.6149626970291138,-0.41341280937194824,-0.0846104621887207,0.2537515163421631,0.4462853670120239,0.45083367824554443,0.37761425971984863,0.19688092172145844,0.03886036574840546,-0.04607337713241577]"
2026-06-02T14:24:56.199,64.614,736,0,16,0.069385,70.312,13.393,55.245,8.370,1,ok,u16_id_range_primary,136,"[-0.41808661818504333,-0.30192238092422485,-0.20297741889953613,0.48179173469543457,0.4089878797531128,-0.2303086519241333,0.14622703194618225,0.4456345736980438,-0.41426312923431396,-0.5212529897689819,-0.07331249117851257,0.011863946914672852,0.1452881097793579,0.2866198420524597,0.1995236873626709]","[-0.40371620655059814,-0.21580934524536133,0.0893096923828125,0.3989145755767822,0.5622351169586182,0.5384418964385986,0.4423689842224121,0.24636277556419373,0.07625937461853027,-0.018736660480499268,-0.06800967454910278,-0.027140259742736816,0.04195225238800049,0.09315812587738037,0.1504586935043335]"
2026-06-02T14:24:57.643,66.057,752,0,16,0.045264,70.312,13.393,63.616,8.370,1,ok,u16_id_range_primary,136,"[-0.20386174321174622,0.1169179379940033,0.3874276876449585,-0.4539527893066406,-0.5457525253295898,-0.06590384244918823,0.05820608139038086,0.1833314597606659,0.285813570022583,0.1787164807319641,0.11917227506637573,-0.23166966438293457,-0.4748501181602478,0.06476685404777527,0.36407896876335144]","[0.5790600776672363,0.46645504236221313,0.2605116367340088,0.0828779935836792,-0.019504904747009277,-0.07432746887207031,-0.037792086601257324,0.029735565185546875,0.07866454124450684,0.131882905960083,0.18594646453857422,0.14045500755310059,0.009909629821777344,-0.12366724014282227,-0.28258490562438965]"
2026-06-02T14:24:59.067,67.482,768,0,16,0.075348,70.312,15.067,70.312,13.393,1,ok,u16_id_range_primary,136,"[-0.08037668466567993,0.06467127799987793,0.20203959941864014,0.29830873012542725,0.18769976496696472,0.12267911434173584,-0.24065855145454407,-0.4921565353870392,0.057397037744522095,0.3699102997779846,-0.08848600834608078,-0.06987757235765457,0.1800738275051117,-0.13270404934883118,-0.1896878033876419]","[-0.09666109085083008,-0.05162060260772705,0.02334141731262207,0.07912153005599976,0.13843578100204468,0.1984621286392212,0.15826117992401123,0.031816959381103516,-0.09785294532775879,-0.2532590627670288,-0.39500659704208374,-0.4374196529388428,-0.4161081910133362,-0.3398500680923462,-0.20517194271087646]"
2026-06-02T14:25:00.482,68.897,784,0,16,0.027572,65.290,8.370,70.312,8.370,1,ok,u16_id_range_primary,136,"[0.04329037666320801,0.21682754158973694,0.283893346786499,-0.007163047790527344,-0.3006531596183777,-0.00815322995185852,0.18828868865966797,-0.08157764375209808,-0.25698816776275635,0.11300119757652283,0.3433228135108948,-0.050479620695114136,-0.08487233519554138,-0.10229557752609253,-0.3141976594924927]","[0.14985835552215576,0.08570031821727753,0.05184229090809822,9.213387966156006e-05,-0.047203805297613144,-0.061194147914648056,-0.011815115809440613,0.019694603979587555,0.02416827529668808,0.03785737603902817,0.044461753219366074,0.07156244665384293,0.1735195517539978,0.21995413303375244,0.21886581182479858]"
2026-06-02T14:25:01.912,70.327,800,0,16,0.033004,51.897,8.370,65.290,8.370,1,ok,u16_id_range_primary,136,"[0.009617209434509277,0.1825321912765503,-0.09159459918737411,-0.25912782549858093,0.11107850074768066,0.34427303075790405,-0.04245766997337341,-0.08478422462940216,-0.0950898677110672,-0.29750725626945496,0.08207640051841736,0.4615025222301483,0.041345298290252686,-0.4096226096153259,-0.052180588245391846]","[-0.06486301124095917,-0.015126854181289673,0.017933160066604614,0.02367124706506729,0.038826584815979004,0.04438399150967598,0.0686667412519455,0.16583916544914246,0.21636119484901428,0.22553670406341553,0.23005318641662598,0.2604382038116455,0.24755823612213135,0.17116475105285645,0.07534456253051758]"
2026-06-02T14:25:03.339,71.754,816,0,16,0.034720,65.290,8.370,65.290,8.370,1,ok,u16_id_range_primary,136,"[0.35799211263656616,-0.042236149311065674,-0.09734480082988739,-0.08911745250225067,-0.26752758026123047,0.06911203265190125,0.400463342666626,0.03430292010307312,-0.3340213894844055,-0.019896522164344788,0.2743646204471588,0.06747958064079285,-0.2407810389995575,-0.2970068156719208,0.12952756881713867]","[0.04726525396108627,0.06964435428380966,0.15839874744415283,0.20646461844444275,0.2213524580001831,0.23503470420837402,0.26374006271362305,0.24907183647155762,0.17178010940551758,0.07632136344909668,-0.011372804641723633,-0.030057430267333984,-0.06496548652648926,-0.11418914794921875,-0.14932680130004883]"
2026-06-02T14:25:04.754,73.169,832,0,16,0.082993,65.290,8.370,65.290,8.370,1,ok,u16_id_range_primary,136,"[-0.028386123478412628,0.20480555295944214,0.041294947266578674,-0.23372188210487366,-0.08068391680717468,0.2012042999267578,0.14230884611606598,-0.15943315625190735,-0.3064543902873993,0.11317452788352966,0.44741755723953247,0.02296292781829834,-0.6814088821411133,0.05123084783554077,0.6838370561599731]","[0.6094967722892761,0.5823459625244141,0.5123844146728516,0.3832416534423828,0.24308109283447266,0.1161351203918457,0.06986761093139648,0.009453773498535156,-0.06221199035644531,-0.11898326873779297,-0.034559011459350586,-0.0458681583404541,-0.11586713790893555,-0.19000649452209473,-0.27092480659484863]"
2026-06-02T14:25:06.174,74.589,848,0,16,0.049487,56.919,8.370,65.290,8.370,1,ok,u16_id_range_primary,136,"[0.05180690437555313,-0.01548939198255539,0.22778305411338806,0.1681862473487854,-0.39701011776924133,-0.2650342285633087,0.18475058674812317,-0.1939888447523117,0.21203428506851196,0.6911144256591797,-0.10966402292251587,-0.4507145285606384,-0.08166065067052841,-0.3531520366668701,-0.18393969535827637]","[-0.0013022422790527344,-0.20802950859069824,-0.3115205764770508,-0.34206223487854004,-0.3106902837753296,-0.11617207527160645,-0.017676234245300293,0.0025763511657714844,-0.006747126579284668,-0.05497705936431885,-0.15380620956420898,-0.1149064302444458,-0.08296728134155273,-0.08594542741775513,-0.11910715699195862]"
2026-06-02T14:25:07.592,76.006,864,0,16,0.013819,51.897,11.719,65.290,8.370,1,ok,u16_id_range_primary,136,"[-0.4468298554420471,0.044882357120513916,0.3586443066596985,0.4756779670715332,-0.020960092544555664,-0.5685137510299683,-0.20488598942756653,0.40836024284362793,0.2784883379936218,-0.36747556924819946,-0.22011008858680725,0.2741304337978363,0.0026830732822418213,-0.15448319911956787,0.26439180970191956]","[-0.12218442559242249,-0.1713106334209442,-0.1929667592048645,-0.16626566648483276,-0.13996082544326782,-0.16569912433624268,-0.22700154781341553,-0.2037496566772461,-0.1536099910736084,-0.10067868232727051,0.02149510383605957,0.13661694526672363,0.19374477863311768,0.20863616466522217,0.21925508975982666]"
2026-06-02T14:25:09.213,77.628,880,0,16,0.016826,50.223,10.045,56.919,8.370,1,ok,u16_id_range_primary,136,"[-0.5741739869117737,-0.17205381393432617,0.4048164486885071,0.253812313079834,-0.34062761068344116,-0.1757032573223114,0.2588948607444763,-0.06770718097686768,-0.17739780247211456,0.3365282118320465,0.28401651978492737,-0.36742860078811646,-0.398397296667099,0.21287867426872253,0.24823477864265442]","[-0.14621484279632568,-0.20010626316070557,-0.177032470703125,-0.1338362693786621,-0.08981585502624512,0.032677650451660156,0.14854001998901367,0.19689404964447021,0.20955395698547363,0.22195148468017578,0.2524435520172119,0.22549903392791748,0.20330578088760376,0.1810295134782791,0.18826285004615784]"
2026-06-02T14:25:10.638,79.053,896,0,16,0.019472,58.593,13.393,56.919,8.370,1,ok,u16_id_range_primary,136,"[-0.7671797275543213,0.4010010361671448,0.7468761205673218,-0.03081977367401123,-0.14992555975914001,-0.012861460447311401,-0.4127489924430847,-0.38996222615242004,0.36865437030792236,0.46552717685699463,-0.031168609857559204,-0.209014892578125,0.06464295834302902,0.12167821824550629,-0.1251954287290573]","[0.3187978267669678,0.3624063730239868,0.30389603972435,0.20881985127925873,0.12954437732696533,0.0959697961807251,0.025372862815856934,-0.013909578323364258,-0.03269195556640625,-0.0005438327789306641,0.0032153725624084473,0.00471651554107666,0.022893071174621582,0.14705610275268555,0.25384610891342163]"
2026-06-02T14:25:12.082,80.497,912,0,16,0.013049,65.290,10.045,58.593,10.045,1,ok,u16_id_range_primary,136,"[-0.08480575680732727,-0.5302917957305908,-0.4823460578918457,0.40022414922714233,0.5479695200920105,-0.008459210395812988,-0.21373267471790314,0.10468027740716934,0.1301286816596985,-0.19109924137592316,-0.5332909822463989,-0.024366140365600586,0.6142651438713074,0.30978333950042725,-0.13445210456848145]","[-0.01465529203414917,-0.06187485158443451,-0.07900106906890869,-0.07894036918878555,-0.02542082965373993,-0.014461800456047058,-0.008677437901496887,0.015146911144256592,0.13987624645233154,0.24792933464050293,0.2747648358345032,0.2482547163963318,0.16924476623535156,0.0579071044921875,-0.04349827766418457]"
2026-06-02T14:25:13.499,81.914,928,0,16,0.015553,65.290,13.393,58.593,10.045,1,ok,u16_id_range_primary,136,"[0.07406264543533325,-0.013014525175094604,-0.14913682639598846,-0.10504531860351562,0.04419740289449692,-0.33314749598503113,-0.10651916265487671,0.5412098169326782,0.31068453192710876,-0.17881673574447632,-0.2096652239561081,-0.09124116599559784,-0.24419139325618744,-0.04469463229179382,0.2989836037158966]","[-0.045629411935806274,-0.009417533874511719,0.03183251619338989,0.17087115347385406,0.2825458347797394,0.30655425786972046,0.2732694149017334,0.18595492839813232,0.0665276050567627,-0.04277145862579346,-0.08742713928222656,-0.06312096118927002,-0.03795313835144043,0.07071077823638916,0.11559879779815674]"
2026-06-02T14:25:14.942,83.357,944,0,16,0.019238,51.897,11.719,56.919,11.719,1,ok,u16_id_range_primary,136,"[-0.3322318494319916,-0.110523521900177,0.5429140329360962,0.31474459171295166,-0.180475115776062,-0.21251872181892395,-0.09079889953136444,-0.24213147163391113,-0.04396507143974304,0.29646268486976624,0.05973571911454201,-0.024037310853600502,0.3401339054107666,0.18471962213516235,-0.3701847493648529]","[0.3071799874305725,0.2734237313270569,0.18581998348236084,0.06634080410003662,-0.042929768562316895,-0.08778023719787598,-0.06374073028564453,-0.03832399845123291,0.07056832313537598,0.11542308330535889,0.06357753276824951,-0.0908423662185669,-0.24483740329742432,-0.35252583026885986,-0.34608256816864014]"
2026-06-02T14:25:16.362,84.777,960,0,16,0.023677,51.897,11.719,51.897,11.719,1,ok,u16_id_range_primary,136,"[-0.21581672132015228,-0.08951663225889206,-0.24473190307617188,-0.050316065549850464,0.2985302209854126,0.06947293877601624,-0.02244853600859642,0.33368760347366333,0.1814548373222351,-0.37009093165397644,-0.5063750743865967,-0.18690168857574463,0.0460205078125,0.3942541480064392,0.7102078199386597]","[-0.08697843551635742,-0.062370896339416504,-0.03682827949523926,0.07090401649475098,0.11492347717285156,0.06287002563476562,-0.0912172794342041,-0.2443307638168335,-0.35102856159210205,-0.3448283076286316,-0.26389333605766296,-0.1491246521472931,-0.13484129309654236,-0.114818274974823,-0.05972123146057129]"
2026-06-02T14:25:17.778,86.193,976,0,16,0.037832,63.616,11.719,58.593,11.719,1,ok,u16_id_range_primary,136,"[0.07351775467395782,-0.037187352776527405,0.3201335668563843,0.18416130542755127,-0.3739335238933563,-0.5100820660591125,-0.16610294580459595,0.05999678373336792,0.37904366850852966,0.6967300772666931,0.15951967239379883,-0.7688295841217041,-0.5140329599380493,0.3928317427635193,0.13989679515361786]","[0.10476970672607422,-0.04577070474624634,-0.1942862868309021,-0.2960170805454254,-0.2893017530441284,-0.20874768495559692,-0.09407329559326172,-0.08083510398864746,-0.06254029273986816,-0.009752273559570312,0.05558931827545166,0.023533344268798828,0.04113316535949707,0.051514387130737305,0.03521311283111572]"
2026-06-02T14:25:19.189,87.604,992,0,16,0.033405,51.897,11.719,58.593,11.719,1,ok,u16_id_range_primary,136,"[-0.5251569747924805,-0.156358540058136,0.0676226019859314,0.36723238229751587,0.6938813924789429,0.17541241645812988,-0.7734370827674866,-0.5269941091537476,0.40414151549339294,0.1456471085548401,-0.23459334671497345,0.19323159754276276,0.3534776568412781,-0.09398391842842102,-0.32955336570739746]","[-0.2136760950088501,-0.09878253936767578,-0.08612406253814697,-0.06842994689941406,-0.015744566917419434,0.05255997180938721,0.0201568603515625,0.03921520709991455,0.05038952827453613,0.034064531326293945,0.006391167640686035,-0.02711939811706543,-0.013324379920959473,0.0022351741790771484,0.030200600624084473]"
2026-06-02T14:25:20.620,89.035,1008,0,16,0.025599,53.571,13.393,53.571,11.719,1,ok,u16_id_range_primary,136,"[0.21543097496032715,-0.8238815069198608,-0.5761919021606445,0.46756047010421753,0.1734679490327835,-0.2828351557254791,0.19059047102928162,0.38965117931365967,-0.10449278354644775,-0.3597075045108795,-0.07935617864131927,0.24925518035888672,0.0010902881622314453,-0.46921470761299133,0.15685981512069702]","[0.03641176223754883,0.00037407875061035156,0.021863818168640137,0.03553175926208496,0.018909692764282227,-0.01136922836303711,-0.04504513740539551,-0.028740882873535156,-0.009856939315795898,0.022269010543823242,0.06529760360717773,0.24096006155014038,0.3254120349884033,0.30881261825561523,0.26109838485717773]"
2026-06-02T14:25:22.034,90.449,1024,0,25,0.027099,51.897,13.393,51.897,11.719,1,ok,u16_id_range_primary,136,"[-0.27602455019950867,0.1915764957666397,0.38705262541770935,-0.09669634699821472,-0.34765616059303284,-0.07966004312038422,0.22784608602523804,-0.0023202672600746155,-0.46291518211364746,0.15068840980529785,0.7726019620895386,0.12231862545013428,-0.7929986715316772,-0.4492075443267822,0.4909783601760864]","[0.012308716773986816,-0.022011160850524902,-0.006624579429626465,0.008741497993469238,0.03936350345611572,0.08003854751586914,0.2551528215408325,0.34095877408981323,0.3245571255683899,0.276104211807251,0.26835811138153076,0.27266812324523926,0.19801783561706543,0.08652961254119873,-0.012360453605651855]"
2026-06-02T14:25:23.448,91.863,1040,0,25,0.028604,65.290,11.719,51.897,11.719,1,ok,u16_id_range_primary,136,"[-0.07978446781635284,0.2116398960351944,-0.0065177083015441895,-0.4609283208847046,0.14671564102172852,0.7777749300003052,0.13614368438720703,-0.7901407480239868,-0.46132633090019226,0.4858911633491516,0.38983353972435,-0.12654471397399902,-0.12857764959335327,-0.04611501470208168,-0.09289176017045975]","[0.07741403579711914,0.25290560722351074,0.34017080068588257,0.32452407479286194,0.2757326364517212,0.26663661003112793,0.2703445553779602,0.19518828392028809,0.083229660987854,-0.013362765312194824,-0.10752856731414795,-0.15537261962890625,-0.1770080327987671,-0.19111144542694092,-0.21225827932357788]"
2026-06-02T14:25:25.062,93.477,1056,0,25,0.029793,63.616,6.696,53.571,11.719,1,ok,u16_id_range_primary,136,"[0.77149897813797,0.13418662548065186,-0.7825711965560913,-0.4512460231781006,0.47968071699142456,0.37740257382392883,-0.1364193707704544,-0.12219347804784775,-0.025117501616477966,-0.08780838549137115,0.06467700749635696,0.1711907684803009,-0.04174557328224182,-0.1535951942205429,-0.000748559832572937]","[0.26257312297821045,0.2638706564903259,0.1879206895828247,0.07681882381439209,-0.015406608581542969,-0.1055760383605957,-0.1523669958114624,-0.17355751991271973,-0.1880926489830017,-0.2103719711303711,-0.20551025867462158,-0.18461143970489502,-0.16318278014659882,-0.14131593704223633,-0.12168556451797485]"
2026-06-02T14:25:26.476,94.891,1072,0,25,0.030139,73.660,11.719,63.616,11.719,1,ok,u16_id_range_primary,136,"[0.3376275300979614,-0.16382639110088348,-0.11243993043899536,0.011255230754613876,-0.0699383020401001,0.06934130936861038,0.1751864105463028,-0.055367231369018555,-0.17868642508983612,-0.011289119720458984,0.10653895884752274,0.043135788291692734,-0.03793846815824509,-0.038130901753902435,-0.0032545141875743866]","[-0.1082572340965271,-0.14882317185401917,-0.1637464165687561,-0.1736125648021698,-0.1941484659910202,-0.18648701906204224,-0.16260403394699097,-0.13769227266311646,-0.11311554908752441,-0.0950472354888916,-0.06591403484344482,-0.031943678855895996,0.00252377986907959,0.028328537940979004,0.051137685775756836]"
2026-06-02T14:25:27.904,96.319,1088,0,25,0.039446,65.290,6.696,63.616,11.719,1,ok,u16_id_range_primary,136,"[0.10517541319131851,0.18098685145378113,-0.06196035444736481,-0.19837182760238647,-0.042198941111564636,0.0935630276799202,0.06759433448314667,-0.02540053054690361,-0.04672524333000183,0.006057556718587875,0.04040493816137314,-0.0007535368204116821,-0.0069997068494558334,0.008521351963281631,0.005703974515199661]","[-0.2478809952735901,-0.22119154036045074,-0.1926586627960205,-0.16566306352615356,-0.14826500415802002,-0.11748874187469482,-0.0799398422241211,-0.04245948791503906,-0.011869668960571289,0.015416622161865234,0.026038289070129395,0.024387717247009277,0.014927029609680176,0.0076177120208740234,0.020877957344055176]"
2026-06-02T14:25:29.317,97.731,1104,0,30,0.047421,65.290,11.719,65.290,11.719,1,ok,u16_id_range_primary,136,"[-0.4266248941421509,-0.6082034707069397,-0.09200489521026611,0.17087844014167786,0.24713127315044403,0.1167060062289238,0.006330549716949463,0.14374682307243347,-0.05422362685203552,-0.5783913135528564,-0.08319741487503052,0.6774572134017944,0.4645456075668335,-0.8080510497093201,-0.6381770372390747]","[0.26499128341674805,0.2510014772415161,0.17811369895935059,0.1535959243774414,0.11775290966033936,0.06803929805755615,0.034078001976013184,0.09834372997283936,0.11196422576904297,0.03012228012084961,-0.12564659118652344,-0.14009082317352295,-0.124869704246521,-0.26094913482666016,-0.32519078254699707]"
2026-06-02T14:25:30.756,99.170,1120,0,40,0.062004,80.357,16.741,65.290,11.719,1,ok,u16_id_range_primary,136,"[0.06900104880332947,-0.03899705410003662,0.11608171463012695,-0.04733183979988098,-0.5460140109062195,-0.028711915016174316,0.6982011198997498,0.4261922836303711,-0.8357549905776978,-0.6350746154785156,0.9353979825973511,0.4672624468803406,-0.8235648274421692,-0.31783202290534973,0.6091642379760742]","[-0.04075419902801514,-0.04533553123474121,0.047032833099365234,0.07237803936004639,0.0020792484283447266,-0.14216011762619019,-0.14781862497329712,-0.12493026256561279,-0.25530946254730225,-0.31362777948379517,-0.2754160761833191,-0.19377994537353516,-0.13110971450805664,-0.047540903091430664,0.07002878189086914]"
2026-06-02T14:25:32.186,100.600,1136,0,40,0.054391,80.357,6.696,65.290,11.719,0,br_jump_16.74_to_6.70,u16_id_range_primary,136,"[-0.011185526847839355,0.7595739960670471,0.4560285806655884,-0.8554601669311523,-0.6560089588165283,0.9258800745010376,0.4549821615219116,-0.8305904865264893,-0.3063006103038788,0.6307060122489929,0.25297439098358154,-0.29109227657318115,-0.3298801779747009,-0.11131513118743896,0.3530113399028778]","[-0.13284516334533691,-0.14285457134246826,-0.12454462051391602,-0.258365273475647,-0.3207187354564667,-0.28569042682647705,-0.2077462077140808,-0.15040230751037598,-0.07123768329620361,0.04522132873535156,0.221765398979187,0.40863627195358276,0.47844070196151733,0.4216395616531372,0.3481442928314209]"
2026-06-02T14:25:33.601,102.016,1152,0,40,0.068056,55.245,15.067,65.290,11.719,1,ok,u16_id_range_primary,136,"[1.0270622968673706,0.4229065775871277,-0.938923716545105,-0.5084109306335449,0.5120453238487244,0.2926905155181885,-0.21534661948680878,-0.25143420696258545,-0.022099703550338745,0.3664569854736328,0.548515260219574,-0.3578059673309326,-0.7662239074707031,0.08593010902404785,0.5156437754631042]","[-0.11869573593139648,-0.01615685224533081,0.041471779346466064,0.10400605201721191,0.1972770094871521,0.34750375151634216,0.5025891065597534,0.5452102422714233,0.46354830265045166,0.3737952709197998,0.3077235221862793,0.17374181747436523,0.012374639511108398,-0.17136335372924805,-0.26003098487854004]"
2026-06-02T14:25:35.015,103.430,1168,0,61,0.046726,77.009,16.741,65.290,11.719,1,ok,u16_id_range_primary,136,"[0.48638346791267395,-0.18969511985778809,-0.3414725661277771,-0.07081642746925354,0.3094831109046936,0.4960974156856537,-0.3598339557647705,-0.7215569019317627,0.14240258932113647,0.5702981352806091,0.10494282841682434,-0.2542504668235779,0.049170590937137604,-0.3237901031970978,-0.38328686356544495]","[0.16414614021778107,0.3410026431083679,0.41165125370025635,0.356315016746521,0.29218149185180664,0.25164198875427246,0.13452720642089844,-0.016199827194213867,-0.20235753059387207,-0.28500866889953613,-0.3503073453903198,-0.24114227294921875,-0.03869485855102539,0.07810533046722412,0.11672043800354004]"
2026-06-02T14:25:36.433,104.848,1184,0,117,0.040504,65.290,15.067,65.290,15.067,1,ok,u16_id_range_primary,136,"[0.3505594730377197,0.10494798421859741,-0.37913766503334045,-0.38835105299949646,-0.07631111145019531,-0.13794589042663574,0.3006353974342346,0.9432862997055054,-0.14716970920562744,-0.9193181991577148,0.03942430019378662,0.3795764744281769,0.03409385681152344,0.050162434577941895,-0.04936078190803528]","[-0.026677846908569336,-0.17212462425231934,-0.24880659580230713,-0.16224992275238037,-0.04324519634246826,-0.0167008638381958,0.10423779487609863,0.26037776470184326,0.3004324436187744,0.25363993644714355,0.1192781925201416,-0.08991479873657227,-0.2579214572906494,-0.29181528091430664,-0.22164297103881836]"
2026-06-02T14:25:37.852,106.267,1200,0,216,0.028124,73.660,10.045,65.290,15.067,1,ok,u16_id_range_primary,136,"[-0.04859423637390137,0.1749085783958435,0.8786758780479431,-0.15018939971923828,-0.9667644500732422,0.579681396484375,0.7567138075828552,-1.041550874710083,-0.7815208435058594,0.7431044578552246,0.5089868903160095,-0.3028021454811096,0.06077634543180466,0.453679621219635,-0.003567218780517578]","[-0.054053544998168945,0.06811046600341797,0.22313928604125977,0.0981285572052002,-0.08155965805053711,-0.15920066833496094,-0.1841742992401123,-0.19794487953186035,-0.12290406227111816,-0.01898181438446045,0.07385993003845215,0.06497049331665039,0.006756782531738281,-0.05227804183959961,-0.0038323402404785156]"
2026-06-02T14:25:39.270,107.685,1216,0,216,0.066577,51.897,6.696,65.290,15.067,1,ok,u16_id_range_primary,136,"[-0.5622333288192749,-0.6161117553710938,0.5539687871932983,0.569246768951416,-0.4013788104057312,-0.44041746854782104,0.2086583971977234,0.34915831685066223,0.028035104274749756,-0.1277305781841278,-0.14777244627475739,-0.3553778827190399,0.014376223087310791,0.5937720537185669,0.29827994108200073]","[-0.34672701358795166,-0.3422811031341553,-0.26660799980163574,-0.1137697696685791,0.04134202003479004,0.15021276473999023,0.21812200546264648,0.29338550567626953,0.34759068489074707,0.49703145027160645,0.5859818458557129,0.5727916955947876,0.4906442165374756,0.3641347885131836,0.21996736526489258]"
2026-06-02T14:25:40.712,109.126,1232,0,216,0.072576,60.268,6.696,65.290,15.067,1,ok,u16_id_range_primary,136,"[-0.5032433271408081,0.12346363067626953,0.3819923996925354,0.06239977478981018,-0.16040116548538208,-0.16593816876411438,-0.31837597489356995,0.0468827486038208,0.5878957509994507,0.25673797726631165,-0.3191101551055908,-0.3169645369052887,0.01169690489768982,0.0420120507478714,-0.08144327998161316]","[0.16891860961914062,0.23668336868286133,0.3150203227996826,0.37575602531433105,0.528092622756958,0.6158415079116821,0.5986621975898743,0.5192103981971741,0.39619505405426025,0.25329411029815674,0.09959816932678223,-0.04081368446350098,-0.12144327163696289,-0.16398143768310547,-0.18264508247375488]"
2026-06-02T14:25:42.359,110.774,1248,0,38,0.086966,51.897,6.696,60.268,10.045,1,ok,u16_id_range_primary,136,"[0.362041175365448,0.05276055634021759,0.05457223951816559,0.48541373014450073,0.1459742784500122,-0.45411863923072815,-0.4118502736091614,0.05589279532432556,0.1303153932094574,-0.03653879463672638,0.08707739412784576,0.15382252633571625,0.12734468281269073,0.3212535083293915,-0.2139715552330017]","[0.6385289430618286,0.7049515247344971,0.6733185648918152,0.5673331618309021,0.4203728437423706,0.24509382247924805,0.07819843292236328,-0.023287296295166016,-0.08952999114990234,-0.13606643676757812,-0.1951216459274292,-0.3584960699081421,-0.4464693069458008,-0.40274471044540405,-0.29851099848747253]"
2026-06-02T14:25:43.771,112.186,1264,0,38,0.055667,78.683,6.696,65.290,6.696,1,ok,u16_id_range_primary,136,"[-0.5983733534812927,-0.44530272483825684,0.06374606490135193,0.13752111792564392,-0.014609843492507935,0.10082447528839111,0.13710948824882507,0.11100969463586807,0.3739614188671112,-0.17162299156188965,-0.8724678158760071,-0.2256116271018982,0.5299007296562195,0.2567650377750397,0.17648597061634064]","[0.12256097793579102,-0.027594327926635742,-0.11844110488891602,-0.1709308624267578,-0.1984107494354248,-0.2314828634262085,-0.3802058696746826,-0.45889151096343994,-0.40670672059059143,-0.2981528639793396,-0.1532585620880127,0.04303014278411865,0.16703838109970093,0.24771904945373535,0.3668624460697174]"
2026-06-02T14:25:45.203,113.617,1280,0,42,0.059422,68.638,6.696,65.290,6.696,1,ok,u16_id_range_primary,136,"[0.11369113624095917,0.1607455611228943,0.11940652132034302,0.3459963798522949,-0.19333958625793457,-0.8639366626739502,-0.21336627006530762,0.528257429599762,0.26080086827278137,0.09941525757312775,0.23479187488555908,0.031870365142822266,-0.3549651503562927,-0.4826655983924866,-0.1580212116241455]","[-0.23342466354370117,-0.3835684061050415,-0.4638013243675232,-0.41227996349334717,-0.3032493591308594,-0.15695452690124512,0.0407634973526001,0.1643422245979309,0.24479961395263672,0.209869384765625,0.1684497743844986,0.14307546615600586,0.15812170505523682,0.14322525262832642,0.14514195919036865]"
2026-06-02T14:25:46.614,115.029,1296,0,42,0.124223,68.638,6.696,68.638,6.696,1,ok,u16_id_range_primary,136,"[-0.812961220741272,-0.16296660900115967,0.5316939353942871,0.29216742515563965,0.18134358525276184,0.1731010377407074,-0.14686834812164307,-0.2971961796283722,-0.3151702284812927,-0.18353402614593506,0.23513999581336975,0.36187103390693665,0.19149813055992126,-0.02995738387107849,-0.14067193865776062]","[-0.17631101608276367,0.0226290225982666,0.13923141360282898,0.2102915644645691,0.20613378286361694,0.15127694606781006,0.10547685623168945,0.10126054286956787,0.07411956787109375,0.07075130939483643,0.03475081920623779,-0.0016012191772460938,-0.05013740062713623,-0.10161948204040527,-0.13014042377471924]"
2026-06-02T14:25:48.029,116.444,1312,0,42,0.103085,66.964,8.370,66.964,6.696,1,ok,u16_id_range_primary,136,"[0.17630401253700256,-0.13646984100341797,-0.28716474771499634,-0.3196345269680023,-0.1958523988723755,0.23284655809402466,0.3673461079597473,0.19368737936019897,-0.030604034662246704,-0.14009836316108704,-0.15968987345695496,-0.18189354240894318,-0.028330117464065552,0.174470916390419,0.13785183429718018]","[0.14922797679901123,0.10305178165435791,0.09927678108215332,0.07260680198669434,0.0695105791091919,0.03362119197845459,-0.002648591995239258,-0.051131606101989746,-0.10260546207427979,-0.1310964822769165,-0.14487087726593018,-0.16210484504699707,-0.15895038843154907,-0.15821027755737305,-0.14802256226539612]"
2026-06-02T14:25:49.446,117.861,1328,0,42,0.072254,51.897,11.719,66.964,6.696,1,ok,u16_id_range_primary,136,"[0.2354605495929718,0.32876288890838623,0.17429682612419128,-0.023545295000076294,-0.13185857236385345,-0.15685266256332397,-0.1777273714542389,-0.025659918785095215,0.17127524316310883,0.13239122927188873,0.025257550179958344,0.04425862431526184,-0.038984403014183044,-0.22688303887844086,-0.08546921610832214]","[0.09118378162384033,0.05823928117752075,0.012269377708435059,-0.03740054368972778,-0.06541049480438232,-0.07985156774520874,-0.09881007671356201,-0.09785446524620056,-0.10025180876255035,-0.09358251839876175,-0.09230808168649673,-0.04265141487121582,0.0025173425674438477,0.018467441201210022,0.016261592507362366]"
2026-06-02T14:25:50.874,119.289,1344,0,42,0.034345,53.571,16.741,66.964,6.696,1,ok,u16_id_range_primary,136,"[-0.1689733862876892,-0.15921519696712494,-0.018663644790649414,0.1740279495716095,0.13756047189235687,0.0227498859167099,0.03921207785606384,-0.04276791214942932,-0.23657354712486267,-0.08754315972328186,0.181087464094162,0.24323968589305878,-0.06708371639251709,-0.2830435037612915,0.06353314220905304]","[-0.1321096420288086,-0.15249872207641602,-0.15070033073425293,-0.1519644856452942,-0.14330077171325684,-0.14014187455177307,-0.08533912897109985,-0.035017773509025574,-0.01604362577199936,-0.016267776489257812,-0.03264770284295082,-0.0024111270904541016,-0.015178799629211426,-0.012493491172790527,-0.03634656220674515]"
2026-06-02T14:25:52.287,120.702,1360,0,42,0.028804,53.571,13.393,66.964,8.370,1,ok,u16_id_range_primary,136,"[0.021085157990455627,0.039322614669799805,-0.03979054093360901,-0.2417687624692917,-0.09156769514083862,0.18618835508823395,0.2530292570590973,-0.06784212589263916,-0.29545024037361145,0.09342211484909058,0.31800997257232666,-0.3668709397315979,-0.42209571599960327,0.4913673400878906,0.3576349914073944]","[-0.1455676555633545,-0.08835838735103607,-0.035903558135032654,-0.0157482847571373,-0.015693742781877518,-0.03284331411123276,-0.0016304850578308105,-0.014076679944992065,-0.011206492781639099,0.05061858892440796,0.1930330991744995,0.2073909342288971,0.18954241275787354,0.03563624620437622,-0.19952529668807983]"
2026-06-02T14:25:53.714,122.129,1376,0,42,0.029780,53.571,13.393,53.571,11.719,1,ok,u16_id_range_primary,136,"[0.2409558892250061,0.25085216760635376,-0.12851759791374207,-0.3632412850856781,0.06900590658187866,0.33052048087120056,-0.33639344573020935,-0.38645675778388977,0.5084127187728882,0.34615805745124817,0.07456892728805542,0.00918567180633545,-0.5640516877174377,-0.4862312078475952,0.10953629016876221]","[0.0543493926525116,0.06657075881958008,0.03816497325897217,0.02881598472595215,0.07992053031921387,0.21347784996032715,0.22060585021972656,0.19756770133972168,0.039963483810424805,-0.20111238956451416,-0.3104734420776367,-0.37046194076538086,-0.3334672152996063,-0.24243822693824768,-0.18217521905899048]"
2026-06-02T14:25:55.128,123.543,1392,0,42,0.023897,51.897,13.393,53.571,13.393,1,ok,u16_id_range_primary,136,"[0.16435515880584717,-0.24834708869457245,0.23324571549892426,0.37650778889656067,-0.5004087090492249,-0.09471508860588074,0.5286694169044495,-0.23989582061767578,-0.4669264853000641,0.06514549255371094,0.31321287155151367,0.2943308353424072,-4.595518112182617e-05,-0.3967975378036499,-0.13835671544075012]","[-0.004933953285217285,-0.08843350410461426,-0.10073599219322205,-0.18248584866523743,-0.3196120858192444,-0.32272282242774963,-0.2901443839073181,-0.18260371685028076,-0.046941399574279785,0.030023694038391113,0.11788010597229004,0.22157347202301025,0.27954286336898804,0.2360803782939911,0.22249069809913635]"
2026-06-02T14:25:56.557,124.972,1408,0,42,0.048560,65.290,13.393,53.571,13.393,1,ok,u16_id_range_primary,136,"[0.11206960678100586,0.7955442070960999,-0.13052642345428467,-0.5592041015625,-0.09480005502700806,0.18688495457172394,0.24469807744026184,0.029841721057891846,-0.32031458616256714,-0.05523619055747986,0.4234957695007324,0.01181522011756897,-0.5124536752700806,-0.017899900674819946,0.47823870182037354]","[-0.4314754605293274,-0.40674662590026855,-0.29300379753112793,-0.14264172315597534,-0.049526333808898926,0.0559849739074707,0.1765425205230713,0.24762380123138428,0.21126005053520203,0.20317108929157257,0.19746989011764526,0.15219134092330933,0.08501720428466797,-0.007221877574920654,-0.040873587131500244]"
2026-06-02T14:25:58.024,126.439,1424,0,42,0.036138,61.942,15.067,53.571,13.393,1,ok,u16_id_range_primary,136,"[0.9072208404541016,0.10168015956878662,-0.48651057481765747,-0.52016681432724,-0.04317671060562134,0.5009461045265198,0.27492496371269226,-0.25831592082977295,-0.553203284740448,0.1679326295852661,0.7706811428070068,0.08181178569793701,-0.5861564874649048,-0.2485673427581787,0.15859809517860413]","[0.13796508312225342,0.1568077802658081,0.14352667331695557,0.04343271255493164,0.0009783506393432617,-0.01681339740753174,0.10674059391021729,0.19122767448425293,0.14256525039672852,0.0807265043258667,0.001384735107421875,-0.08474326133728027,-0.16884779930114746,-0.20617592334747314,-0.21497881412506104]"
2026-06-02T14:25:59.469,127.884,1440,0,42,0.066792,60.268,13.393,53.571,13.393,1,ok,u16_id_range_primary,136,"[0.6237332820892334,0.030611038208007812,-0.9564381241798401,-0.35704469680786133,1.091231107711792,1.0032835006713867,-0.3854595422744751,-0.9159802794456482,-0.33041155338287354,0.1455807089805603,0.09779465198516846,0.17154620587825775,0.29166924953460693,0.1617354154586792,-0.02582460641860962]","[0.11048007011413574,0.34529948234558105,0.4394336938858032,0.3280360698699951,0.17296528816223145,-0.006585359573364258,-0.1799027919769287,-0.32982373237609863,-0.4053161144256592,-0.4260371923446655,-0.40135109424591064,-0.37268784642219543,-0.3541083037853241,-0.30950063467025757,-0.25433576107025146]"
2026-06-02T14:26:00.912,129.327,1456,0,42,0.075919,51.897,15.067,53.571,13.393,1,ok,u16_id_range_primary,136,"[1.7304338216781616,0.011632800102233887,-0.9703482985496521,-0.550525426864624,-0.15147829055786133,0.3984801471233368,0.3321768641471863,-0.34585118293762207,-0.16567718982696533,0.4808870553970337,0.22926953434944153,-0.27967536449432373,-0.35269278287887573,0.04120469093322754,0.34621068835258484]","[-0.11851966381072998,-0.19585978984832764,-0.27449560165405273,-0.46412909030914307,-0.5912514925003052,-0.5785261392593384,-0.5026700496673584,-0.40633487701416016,-0.27365875244140625,-0.13381361961364746,0.021251678466796875,0.1424849033355713,0.14485406875610352,0.16905546188354492,0.17939114570617676]"
2026-06-02T14:26:02.326,130.741,1472,0,42,0.114300,60.268,18.415,60.268,13.393,1,ok,u16_id_range_primary,136,"[1.0767974853515625,0.4434664249420166,-0.6242287158966064,-0.40577954053878784,0.2830311954021454,-0.04619432985782623,-0.16818709671497345,0.43137872219085693,0.15600964426994324,-0.3986543118953705,-0.37271904945373535,0.1167261004447937,0.4818181097507477,0.058051854372024536,-0.5395991206169128]","[-0.46470165252685547,-0.3001222610473633,-0.1582469940185547,-0.013815879821777344,0.09534907341003418,0.03530550003051758,0.018043994903564453,-0.02201247215270996,0.033471107482910156,0.1181955337524414,0.18686795234680176,0.30472612380981445,0.5184040069580078,0.6311471462249756,0.6176219582557678]"
2026-06-02T14:26:03.758,132.173,1488,0,42,0.178187,71.986,13.393,60.268,13.393,1,ok,u16_id_range_primary,136,"[-0.1337093561887741,-0.2637344002723694,0.32204610109329224,-0.02207431197166443,0.009671129286289215,0.18734881281852722,-0.35224485397338867,-0.2762501537799835,0.16374614834785461,-0.00811910629272461,0.21248674392700195,0.6326128840446472,0.19012928009033203,-0.8574668765068054,-0.9981317520141602]","[-0.07840371131896973,-0.069366455078125,-0.17692804336547852,-0.2810935974121094,-0.24144554138183594,-0.12434053421020508,0.09704828262329102,0.42009401321411133,0.6428432464599609,0.7203009128570557,0.6889982223510742,0.66715407371521,0.7272278666496277,0.6724104285240173,0.5183197259902954]"
2026-06-02T14:26:05.190,133.605,1504,0,42,0.146787,71.986,10.045,61.942,13.393,1,ok,u16_id_range_primary,136,"[0.6887589693069458,-0.7092987895011902,-0.7865151762962341,0.017465949058532715,0.09692513942718506,0.35609665513038635,0.7803744077682495,0.288257360458374,-0.8654100894927979,-1.0945123434066772,0.28165125846862793,1.0228958129882812,0.1769213080406189,-0.4921109974384308,-0.11811916530132294]","[-0.08536028861999512,0.049701690673828125,0.292651891708374,0.46730589866638184,0.5206335783004761,0.4855647087097168,0.4751276969909668,0.5552648305892944,0.5288849472999573,0.4029940366744995,0.2451763153076172,0.14756560325622559,0.015615463256835938,-0.11369466781616211,-0.24956393241882324]"
2026-06-02T14:26:06.806,135.221,1520,0,42,0.112513,71.986,13.393,61.942,13.393,1,ok,u16_id_range_primary,136,"[-0.4013231694698334,0.1732982099056244,0.6142358779907227,-0.1939012110233307,-0.7797488570213318,0.2759161591529846,0.7055985331535339,-0.224774569272995,-0.3308314085006714,0.3763064742088318,0.17818289995193481,-0.605628490447998,-0.8862167596817017,0.26277053356170654,1.3554565906524658]","[0.1548553705215454,0.22524705529212952,0.38869333267211914,0.43650832772254944,0.3832167387008667,0.2731891870498657,0.047635793685913086,-0.27327799797058105,-0.5957053899765015,-0.74974524974823,-0.613264799118042,-0.3938589096069336,-0.22304511070251465,-0.08226633071899414,0.12219595909118652]"
2026-06-02T14:26:08.250,136.665,1536,0,42,0.112778,53.571,13.393,60.268,13.393,1,ok,u16_id_range_primary,136,"[-0.24451005458831787,-0.7487422227859497,0.07230997085571289,0.79728764295578,0.2778702676296234,-0.12374159693717957,-0.12216386198997498,-0.12877807021141052,-0.01556270569562912,-0.08481130003929138,-0.15221303701400757,-0.27989184856414795,0.20429515838623047,0.9626105427742004,0.02851426601409912]","[-0.4543728232383728,-0.37588822841644287,-0.22615909576416016,-0.09835457801818848,-0.0015295147895812988,0.03278630971908569,-0.04471796751022339,-0.12496447563171387,-0.1794651746749878,-0.17016136646270752,-0.11861979961395264,-0.2273876667022705,-0.23807263374328613,-0.1315147876739502,-0.07550716400146484]"
2026-06-02T14:26:09.705,138.120,1552,0,42,0.094722,55.245,11.719,60.268,13.393,1,ok,u16_id_range_primary,136,"[-0.12836241722106934,-0.11302688717842102,-0.14782337844371796,-0.0785263329744339,-0.0353945717215538,-0.06114654242992401,-0.31835877895355225,0.12273013591766357,0.9778681993484497,0.0676722526550293,-1.0147669315338135,-0.11284995079040527,0.473334401845932,-0.1503271758556366,-0.13995389640331268]","[0.030789434909820557,-0.029204726219177246,-0.1166643500328064,-0.18089568614959717,-0.1788773536682129,-0.12855792045593262,-0.23952698707580566,-0.2515439987182617,-0.1407470703125,-0.08414602279663086,0.016516923904418945,0.15295839309692383,0.2769505977630615,0.36232638359069824,0.39431190490722656]"
2026-06-02T14:26:11.122,139.536,1568,0,34,0.120269,55.245,13.393,60.268,13.393,1,ok,u16_id_range_primary,136,"[-0.06464829295873642,-0.34585192799568176,0.09388238191604614,0.9944291710853577,0.09927737712860107,-1.010361671447754,-0.11111563444137573,0.4796152710914612,-0.16129788756370544,-0.15926826000213623,0.33402812480926514,0.18220233917236328,-0.13676822185516357,-0.1644594967365265,0.010973215103149414]","[-0.13321471214294434,-0.24161529541015625,-0.2510061264038086,-0.13480114936828613,-0.07476329803466797,0.02964949607849121,0.16948175430297852,0.29748058319091797,0.3865954875946045,0.4212028980255127,0.4024636745452881,0.3507605195045471,0.25117361545562744,0.15236657857894897,0.08298784494400024]"
2026-06-02T14:26:12.567,140.982,1584,0,28,0.104082,55.245,13.393,55.245,13.393,1,ok,u16_id_range_primary,136,"[-1.0080387592315674,-0.10946518182754517,0.4751676023006439,-0.16449980437755585,-0.15627478063106537,0.3381507396697998,0.18232998251914978,-0.1384965479373932,-0.1647436022758484,0.012084834277629852,-0.006342558190226555,-0.10312075912952423,-0.061847880482673645,0.11293831467628479,0.22889548540115356]","[0.029990434646606445,0.1699812412261963,0.2981419563293457,0.38718366622924805,0.42192327976226807,0.4031369686126709,0.3510531783103943,0.250493586063385,0.15087470412254333,0.08081024885177612,0.05076414346694946,0.05440092086791992,0.04514014720916748,0.046000540256500244,0.057006239891052246]"
2026-06-02T14:26:14.012,142.427,1600,0,28,0.094962,55.245,11.719,55.245,13.393,1,ok,u16_id_range_primary,136,"[0.28700318932533264,0.14028972387313843,-0.15455903112888336,-0.1515386700630188,0.04651648551225662,0.021031197160482407,-0.09878086298704147,-0.07606528699398041,0.09823498129844666,0.2217417061328888,0.07002854347229004,-0.15445160865783691,-0.1546018421649933,-0.02964267134666443,0.05640696734189987]","[0.43286532163619995,0.371543824672699,0.2620329260826111,0.15542811155319214,0.07969951629638672,0.04721713066101074,0.04924321174621582,0.038573384284973145,0.037642836570739746,0.04658174514770508,0.06328427791595459,0.07957828044891357,0.08300542831420898,0.07145106792449951,0.05361831188201904]"
2026-06-02T14:26:15.439,143.854,1616,0,28,0.081213,66.964,11.719,55.245,13.393,1,ok,u16_id_range_primary,136,"[0.08864609897136688,-0.08902156352996826,-0.12600192427635193,0.039326220750808716,0.19217036664485931,0.06662125885486603,-0.13592743873596191,-0.12085172533988953,-0.01145470142364502,0.05171489715576172,0.06028442084789276,0.0436691977083683,0.008095219731330872,0.12231703102588654,-0.15150150656700134]","[0.088409423828125,0.07231736183166504,0.04983782768249512,0.04071474075317383,0.0440373420715332,0.05416607856750488,0.06630849838256836,0.06644749641418457,0.0506742000579834,0.028415203094482422,-0.004460573196411133,-0.033080339431762695,-0.02120685577392578,0.16220855712890625,0.2296903133392334]"
2026-06-02T14:26:16.872,145.287,1632,0,28,0.055117,66.964,10.045,55.245,11.719,1,ok,u16_id_range_primary,136,"[0.07240068912506104,-0.13780222833156586,-0.12299849092960358,-0.01499098539352417,0.04774022102355957,0.06187332049012184,0.04824518412351608,0.009330615401268005,0.12138731777667999,-0.15394388139247894,-0.6524969935417175,0.21001964807510376,0.9389969706535339,0.09513163566589355,-0.610088586807251]","[0.05562472343444824,0.06830859184265137,0.0688016414642334,0.0527341365814209,0.0299985408782959,-0.00360107421875,-0.03266596794128418,-0.02050018310546875,0.16314029693603516,0.23010587692260742,0.19188261032104492,0.11108541488647461,-0.0047719478607177734,-0.12418794631958008,-0.2517879009246826]"
2026-06-02T14:26:18.291,146.706,1648,0,28,0.040106,55.245,11.719,55.245,11.719,1,ok,u16_id_range_primary,136,"[0.052261874079704285,0.06398771703243256,0.026631459593772888,0.1381678283214569,-0.14859727025032043,-0.6584230661392212,0.20726358890533447,0.9358058571815491,0.08254063129425049,-0.6172148585319519,-0.2457604706287384,0.12405188381671906,-0.07736825942993164,-0.024512290954589844,0.26597684621810913]","[0.01468050479888916,-0.010949850082397461,0.0061109066009521484,0.1943361759185791,0.2635488510131836,0.22649812698364258,0.14682888984680176,0.031711578369140625,-0.08659505844116211,-0.21210479736328125,-0.2731590270996094,-0.2929413318634033,-0.2867898941040039,-0.2634742259979248,-0.234876811504364]"
2026-06-02T14:26:19.717,148.132,1664,0,23,0.046379,63.616,10.045,55.245,11.719,1,ok,u16_id_range_primary,136,"[-0.6640353798866272,0.21394312381744385,0.944703221321106,0.07378405332565308,-0.625760555267334,-0.24226346611976624,0.12752364575862885,-0.08128228783607483,-0.021855950355529785,0.2723863124847412,0.20540674030780792,-0.05865025520324707,-0.1525590866804123,-0.11403623968362808,-0.04804624617099762]","[0.2293539047241211,0.14762067794799805,0.02985215187072754,-0.08998489379882812,-0.21549057960510254,-0.2751619815826416,-0.2935187816619873,-0.2876495122909546,-0.2652409076690674,-0.2390831708908081,-0.20539116859436035,-0.16887691617012024,-0.1411041021347046,-0.11737920343875885,-0.09900890290737152]"
2026-06-02T14:26:21.166,149.581,1680,0,47,0.016333,68.638,11.719,63.616,11.719,1,ok,u16_id_range_primary,136,"[-0.3104701042175293,0.0865088403224945,-0.02014338970184326,0.05623060464859009,0.2808343768119812,0.17449048161506653,-0.0953606367111206,-0.18542137742042542,-0.1063493937253952,-0.013389915227890015,0.051801927387714386,0.1481134593486786,-0.07998771220445633,-0.25582537055015564,0.28274282813072205]","[-0.17600131034851074,-0.19221508502960205,-0.19090718030929565,-0.17498779296875,-0.151389479637146,-0.11446571350097656,-0.07640177011489868,-0.04890817403793335,-0.028976261615753174,-0.020280957221984863,0.02046680450439453,0.0954325795173645,0.11105555295944214,0.04187864065170288,0.05356013774871826]"
2026-06-02T14:26:22.584,150.999,1696,0,47,0.016131,61.942,11.719,63.616,11.719,1,ok,u16_id_range_primary,136,"[0.14053791761398315,-0.10997632145881653,-0.18004317581653595,-0.09646042436361313,-0.005411505699157715,0.06321341544389725,0.15757495164871216,-0.10527107119560242,-0.2904099225997925,0.30995720624923706,0.4931383728981018,-0.3983272910118103,-0.5041971206665039,0.201104074716568,0.3683939278125763]","[-0.16469231247901917,-0.1270483136177063,-0.09851950407028198,-0.07784724235534668,-0.06786942481994629,-0.02126401662826538,0.06371873617172241,0.08429306745529175,0.011712580919265747,0.026707947254180908,0.027035683393478394,0.013522535562515259,-0.031413108110427856,-0.0388873815536499,-0.0372140109539032]"
2026-06-02T14:26:23.998,152.413,1712,0,47,0.002944,61.942,8.370,63.616,11.719,1,ok,u16_id_range_primary,136,"[0.05736169219017029,0.10517136007547379,-0.17086924612522125,-0.33209824562072754,0.33083948493003845,0.5476669073104858,-0.3849441111087799,-0.5114445686340332,0.21094733476638794,0.37188518047332764,-0.13575848937034607,-0.19493451714515686,0.09236763417720795,0.13406555354595184,0.02037110924720764]","[-0.006344854831695557,0.07194182276725769,0.08596569299697876,0.0037926435470581055,0.01588284969329834,0.013454079627990723,-0.00322115421295166,-0.052551984786987305,-0.06300416588783264,-0.06395646929740906,-0.0660688728094101,-0.06564037501811981,-0.09583938866853714,-0.07276292145252228,-0.051379814743995667]"
2026-06-02T14:26:25.432,153.847,1728,0,47,0.001848,61.942,8.370,61.942,10.045,1,ok,u16_id_range_primary,136,"[0.567245364189148,-0.39790600538253784,-0.5298125147819519,0.21679919958114624,0.3825737535953522,-0.14056000113487244,-0.1998523324728012,0.0963708907365799,0.13768510520458221,0.02039960026741028,-0.16252495348453522,-0.10471229255199432,0.06958270072937012,0.18739762902259827,0.015356883406639099]","[0.04353761672973633,0.023195862770080566,-0.030614256858825684,-0.044483840465545654,-0.048544734716415405,-0.05366840958595276,-0.05594289302825928,-0.0893733948469162,-0.0680200532078743,-0.04813246428966522,-0.034614354372024536,-0.034334540367126465,-0.042823225259780884,-0.019934862852096558,-0.005362659692764282]"
2026-06-02T14:26:26.856,155.271,1744,0,33,0.010992,66.964,6.696,61.942,10.045,1,ok,u16_id_range_primary,136,"[0.3721257448196411,0.10601859539747238,0.11615514755249023,0.11441969871520996,-0.1053735613822937,-0.3600213825702667,-0.17893144488334656,0.1339435577392578,0.2794543504714966,0.09131959080696106,-0.16649654507637024,-0.13435764610767365,0.3076820969581604,0.12072649598121643,-0.6335259675979614]","[0.02490973472595215,0.09237325191497803,0.10141253471374512,0.14091306924819946,0.15849298238754272,0.15515810251235962,0.12988105416297913,0.09230977296829224,0.08704511821269989,0.07634242624044418,0.022240683436393738,-0.06032329797744751,-0.0064751505851745605,-0.03346166014671326,-0.06531675159931183]"
2026-06-02T14:26:28.275,156.690,1760,0,33,0.011217,66.964,6.696,63.616,8.370,1,ok,u16_id_range_primary,136,"[-0.3624846041202545,-0.18092137575149536,0.1338488757610321,0.2811393737792969,0.09216345846652985,-0.1677124798297882,-0.1352335512638092,0.3109089732170105,0.1221913993358612,-0.6393157839775085,-0.026934027671813965,0.5938425660133362,-0.005202800035476685,-0.3532129228115082,0.027379363775253296]","[0.15468958020210266,0.12948346138000488,0.09187513589859009,0.08686479926109314,0.07634326815605164,0.021996408700942993,-0.061131373047828674,-0.006653308868408203,-0.03374391049146652,-0.06574217230081558,-0.06887495517730713,-0.04938659071922302,-0.018561959266662598,0.013364344835281372,0.03953678905963898]"
2026-06-02T14:26:29.717,158.132,1776,0,33,0.011664,66.964,15.067,66.964,8.370,1,ok,u16_id_range_primary,136,"[-0.16910752654075623,-0.13616624474525452,0.31343311071395874,0.12356686592102051,-0.6435075402259827,-0.02739894390106201,0.5975654125213623,-0.005112975835800171,-0.3555697798728943,0.02718222141265869,0.160154789686203,-0.03821573033928871,-0.044730834662914276,0.0476258248090744,-0.0062745437026023865]","[0.021588698029518127,-0.061987072229385376,-0.007029496133327484,-0.03419974446296692,-0.06630032509565353,-0.06942906230688095,-0.049798160791397095,-0.018726080656051636,0.013413995504379272,0.0397496223449707,0.06066414713859558,0.06838003545999527,0.07096445560455322,0.06638969480991364,0.06074821949005127]"
2026-06-02T14:26:31.137,159.552,1792,0,33,0.011811,66.964,13.393,66.964,8.370,1,ok,u16_id_range_primary,136,"[-0.028204262256622314,0.605362057685852,-0.005355566740036011,-0.3605894446372986,0.027320697903633118,0.16273179650306702,-0.03835479915142059,-0.04549998417496681,0.04826212301850319,-0.006397150456905365,-0.05691159889101982,0.00383569672703743,0.042670197784900665,0.004009179770946503,-0.01627623662352562]","[-0.07041704654693604,-0.05049853026866913,-0.01894700527191162,0.013596966862678528,0.040259525179862976,0.06148079037666321,0.06929205358028412,0.07205291092395782,0.06748655438423157,0.06191533803939819,0.0499555766582489,0.037532150745391846,0.02874523401260376,0.01572573184967041,0.008861422538757324]"
2026-06-02T14:26:32.558,160.973,1808,0,33,0.011058,66.964,6.696,66.964,8.370,1,ok,u16_id_range_primary,136,"[0.1645667552947998,-0.03827548772096634,-0.0461413711309433,0.04878831282258034,-0.006375692784786224,-0.057870931923389435,0.003815986216068268,0.043655216693878174,0.0037567615509033203,-0.016768494620919228,0.015748141333460808,-0.006890473887324333,-0.016466140747070312,0.0067145563662052155,-0.005344208329916]","[0.061969026923179626,0.06982854008674622,0.07274991273880005,0.06820708513259888,0.0627489686012268,0.050687193870544434,0.03826901316642761,0.029483020305633545,0.016206860542297363,0.009347856044769287,0.0016134977340698242,-0.004429161548614502,-0.005527496337890625,-0.00852668285369873,-0.010801970958709717]"
2026-06-02T14:26:34.179,162.593,1824,0,33,0.003658,66.964,15.067,66.964,8.370,1,ok,u16_id_range_primary,136,"[-0.05889560654759407,0.0038161352276802063,0.04473581910133362,0.003448188304901123,-0.017314057797193527,0.016760673373937607,-0.007356614805757999,-0.017152531072497368,0.007650730200111866,-0.005734953097999096,1.074373722076416e-05,0.01638585515320301,-0.0010710451751947403,-0.011221295222640038,0.009194502606987953]","[0.05181777477264404,0.0393616259098053,0.03052768111228943,0.01692056655883789,0.010025620460510254,0.0020788908004760742,-0.004196286201477051,-0.00531458854675293,-0.008308172225952148,-0.010625481605529785,-0.011573314666748047,-0.013449013233184814,-0.01688563823699951,-0.023602783679962158,-0.025900542736053467]"
2026-06-02T14:26:35.605,164.020,1840,0,33,0.003218,66.964,16.741,66.964,13.393,1,ok,u16_id_range_primary,136,"[0.01778298243880272,-0.00783969834446907,-0.01784452237188816,0.008627964183688164,-0.006123710889369249,-0.0008658599108457565,0.017213866114616394,-0.0005450444296002388,-0.011825596913695335,0.00952040497213602,0.007622614502906799,-0.018500985577702522,-0.013765247538685799,0.023394882678985596,0.018808763474225998]","[0.0026159286499023438,-0.003874063491821289,-0.0049970149993896484,-0.007962942123413086,-0.010306239128112793,-0.011246681213378906,-0.013119369745254517,-0.01672041416168213,-0.023662418127059937,-0.026074975728988647,-0.027684509754180908,-0.03131487965583801,-0.032446205615997314,-0.024104773998260498,-0.01334729790687561]"
2026-06-02T14:26:37.021,165.436,1856,0,33,0.004454,70.312,16.741,66.964,15.067,1,ok,u16_id_range_primary,136,"[-0.0023291409015655518,0.020349059253931046,0.00357068981975317,-0.009388847276568413,0.01060602068901062,0.0066105760633945465,-0.021335411816835403,-0.015909284353256226,0.02331480011343956,0.019803451374173164,-0.040633078664541245,-0.021573882550001144,0.057762131094932556,0.04702979326248169,-0.057462919503450394]","[-0.04014509916305542,-0.04129910469055176,-0.044067323207855225,-0.05005598068237305,-0.05125582218170166,-0.051541656255722046,-0.05378037691116333,-0.05331912636756897,-0.04317814111709595,-0.030469030141830444,-0.025952786207199097,-0.027487263083457947,-0.021842658519744873,-0.014059610664844513,-0.011758055537939072]"
2026-06-02T14:26:38.433,166.848,1872,0,33,0.003081,50.223,6.696,66.964,15.067,0,br_jump_16.74_to_6.70,u16_id_range_primary,136,"[-0.007723554968833923,-0.0335233211517334,-0.018694773316383362,0.029342621564865112,0.028659777715802193,-0.03490697219967842,-0.0199741180986166,0.05726879835128784,0.04351470246911049,-0.06460736691951752,-0.06886160373687744,0.03821278363466263,0.05569101497530937,-0.0051731206476688385,-0.012056078761816025]","[-0.05948716402053833,-0.06093743443489075,-0.05959618091583252,-0.04849867522716522,-0.03467355668544769,-0.029555484652519226,-0.03062588721513748,-0.024134300649166107,-0.01555996760725975,-0.012874078005552292,-0.016386793926358223,-0.021121956408023834,-0.028149418532848358,-0.02966342121362686,-0.024154886603355408]"
2026-06-02T14:26:39.850,168.265,1888,0,33,0.001564,63.616,6.696,66.964,15.067,0,br_jump_16.74_to_6.70,u16_id_range_primary,136,"[-0.035581864416599274,-0.02030973881483078,0.058621201664209366,0.04443538188934326,-0.06638485193252563,-0.07037726044654846,0.03974415361881256,0.057254984974861145,-0.005993306636810303,-0.013134405016899109,-0.0014361292123794556,-0.02850911393761635,-0.024539757519960403,0.03413943201303482,0.04854578524827957]","[-0.029290512204170227,-0.030453436076641083,-0.02382069081068039,-0.01512061059474945,-0.01253744401037693,-0.016341224312782288,-0.021319780498743057,-0.028513498604297638,-0.03011500835418701,-0.024579688906669617,-0.013870105147361755,-0.006149172782897949,-0.002661958336830139,-0.0029243826866149902,-0.0023645013570785522]"
2026-06-02T14:26:41.275,169.690,1904,0,32,0.000977,65.290,6.696,66.964,15.067,0,br_jump_16.74_to_6.70,u16_id_range_primary,136,"[-0.07013429701328278,0.04011692851781845,0.057315632700920105,-0.006425540894269943,-0.013593610376119614,-0.0012040678411722183,-0.027879085391759872,-0.024486690759658813,0.033690743148326874,0.0483793169260025,-0.002200178802013397,-0.02781122922897339,-0.02206205576658249,-0.024616878479719162,-0.003634929656982422]","[-0.016414925456047058,-0.021410219371318817,-0.02853315696120262,-0.030104517936706543,-0.024600297212600708,-0.0139150470495224,-0.006177127361297607,-0.002681910991668701,-0.0029206573963165283,-0.0023720860481262207,0.001799747347831726,0.0070733726024627686,0.01680949330329895,0.01263214647769928,0.006294876337051392]"
2026-06-02T14:26:42.699,171.114,1920,0,32,0.000423,65.290,6.696,66.964,15.067,0,br_jump_16.74_to_6.70,u16_id_range_primary,136,"[-0.002205849625170231,-0.02813691273331642,-0.02430092915892601,0.03435686603188515,0.049255162477493286,-0.00183887779712677,-0.028065107762813568,-0.022530484944581985,-0.025130368769168854,-0.003924645483493805,0.06681890785694122,0.03574775159358978,-0.04249709099531174,-0.040555693209171295,-0.018421150743961334]","[9.039044380187988e-05,0.0062949806451797485,0.008259013295173645,0.0065219104290008545,0.005611494183540344,0.008399665355682373,0.012362100183963776,0.020908355712890625,0.015567179769277573,0.008151732385158539,0.0037269331514835358,0.0006855595856904984,0.005589490756392479,0.004253698512911797,0.0031020184978842735]"
2026-06-02T14:26:44.147,172.562,1936,0,32,0.000118,61.942,13.393,66.964,15.067,1,ok,u16_id_range_primary,136,"[-0.001810021698474884,-0.028168905526399612,-0.022451745346188545,-0.02522357553243637,-0.004038974642753601,0.06741079688072205,0.036048997193574905,-0.042895570397377014,-0.04108893498778343,-0.018849685788154602,0.0312928631901741,0.034795939922332764,-0.018000273033976555,-0.005576666444540024,0.029642416164278984]","[0.009471632540225983,0.012563405558466911,0.020413272082805634,0.01430630311369896,0.006199173629283905,0.0011736378073692322,-0.002348490059375763,0.0022720471024513245,0.000622875988483429,-0.0007717683911323547,0.0005384236574172974,-0.002311237156391144,-0.008945707231760025,-0.00752871111035347,-0.002081848680973053]"
2026-06-02T14:26:45.587,174.002,1952,0,32,0.000089,61.942,6.696,66.964,13.393,1,ok,u16_id_range_primary,136,"[0.06753449887037277,0.0364653617143631,-0.04222967103123665,-0.041287679225206375,-0.019880779087543488,0.0316031314432621,0.035564035177230835,-0.018418345600366592,-0.005983380600810051,0.030100177973508835,-0.025148482993245125,-0.05201644450426102,0.02263028174638748,0.03878307715058327,0.011112656444311142]","[-0.004702858626842499,-0.007767394185066223,-0.0025591477751731873,-0.003746703267097473,-0.004708439111709595,-0.002964198589324951,-0.005427230149507523,-0.011740516871213913,-0.009899202734231949,-0.004129983484745026,9.698793292045593e-05,0.0027656275779008865,0.0006802380084991455,-0.005322331562638283,-0.005342439748346806]"
2026-06-02T14:26:47.005,175.420,1968,0,32,0.000066,71.986,6.696,66.964,13.393,1,ok,u16_id_range_primary,136,"[0.03180237486958504,0.03601084649562836,-0.01841713860630989,-0.006129145156592131,0.030144786462187767,-0.025226524099707603,-0.0520675964653492,0.022616658359766006,0.038652267307043076,0.011212341487407684,0.005689509212970734,-0.033000051975250244,-0.037368521094322205,0.03719322755932808,0.021219059824943542]","[-0.00043213367462158203,-0.0024416446685791016,-0.008393555879592896,-0.006234791129827499,-0.0002659112215042114,0.004151158034801483,0.006968982517719269,0.0049577318131923676,-0.0010478347539901733,-0.0011019781231880188,0.00046520307660102844,-0.0024667419493198395,-0.0027436241507530212,0.00480106845498085,0.0055481866002082825]"
2026-06-02T14:26:48.419,176.834,1984,0,32,0.000072,63.616,6.696,66.964,13.393,1,ok,u16_id_range_primary,136,"[-0.025380238890647888,-0.052413687109947205,0.022742588073015213,0.03894326835870743,0.011285306885838509,0.005662411451339722,-0.03319903835654259,-0.037567585706710815,0.03742344677448273,0.021349050104618073,-0.04694821685552597,0.014723686501383781,0.05083242058753967,-0.00846940279006958,-0.047689326107501984]","[0.003266178071498871,0.0062098875641822815,0.004295926541090012,-0.0016369149088859558,-0.0015880949795246124,8.702278137207031e-05,-0.002769146114587784,-0.0029635168612003326,0.004700608551502228,0.005525067448616028,0.0027654357254505157,-0.00017722323536872864,-0.0008500814437866211,-0.0035727955400943756,-0.0025592222809791565]"
2026-06-02T14:26:49.846,178.261,2000,0,32,0.000051,61.942,10.045,63.616,10.045,1,ok,u16_id_range_primary,136,"[0.005464538931846619,-0.0429583415389061,-0.04738014191389084,0.04930771887302399,0.026643209159374237,-0.06139754503965378,0.01882321387529373,0.06607334315776825,-0.010372988879680634,-0.062224552035331726,0.0006950683891773224,0.022413240745663643,-0.017566628754138947,0.007116781547665596,0.0454082116484642]","[-0.0005384571850299835,-0.004454087466001511,-0.004716157913208008,0.0051188282668590546,0.0063086338341236115,0.0028405971825122833,-0.0008620880544185638,-0.0014722757041454315,-0.0049448274075984955,-0.0037379860877990723,-0.0012194961309432983,0.0014267191290855408,-0.0019398778676986694,-0.002078406512737274,0.001805238425731659]"
